1;в;в;ADP;_;_;_;_;_;@juad1986m-word#@juad1986m#1832.541#1832.978
2;процессе;процесс;NOUN;_;Animacy=Inan|Case=Loc|Gender=Masc|Number=Sing;_;_;_;@juad1986m-word#@juad1986m#1832.978#1833.415
3;эм;эм;INTJ;_;_;_;_;_;@juad1986m-word#@juad1986m#1833.415#1833.852
4;/;/;PUNCT;_;_;_;_;_;@juad1986m-word#@juad1986m#1833.852#1834.289
5;болезни;болезнь;NOUN;_;Animacy=Inan|Case=Gen|Gender=Fem|Number=Plur;_;_;_;@juad1986m-word#@juad1986m#1834.289#1834.726
6;выздоровления;выздоровление;NOUN;_;Animacy=Inan|Case=Gen|Gender=Neut|Number=Sing;_;_;_;@juad1986m-word#@juad1986m#1834.726#1835.163
7;/;/;PUNCT;_;_;_;_;_;@juad1986m-word#@juad1986m#1835.163#1835.6
8;Верзилова;Верзилов;PROPN;_;Animacy=Anim|Case=Gen|Gender=Masc|Number=Sing;_;_;_;@juad1986m-word#@juad1986m#1835.6#1836.041
9;многие;много;NUM;_;_;_;_;_;@juad1986m-word#@juad1986m#1836.217#1836.512
10;впервые;впервые;ADV;_;Degree=Pos;_;_;_;@juad1986m-word#@juad1986m#1836.512#1836.807
11;узнали;узнать;VERB;_;Aspect=Perf|Mood=Ind|Number=Plur|Tense=Past|VerbForm=Fin|Voice=Act;_;_;_;@juad1986m-word#@juad1986m#1836.807#1837.102
12;что;что;SCONJ;_;_;_;_;_;@juad1986m-word#@juad1986m#1837.102#1837.397
13;вы;вы;PRON;_;Case=Nom|Number=Plur|Person=2;_;_;_;@juad1986m-word#@juad1986m#1837.397#1837.692
14;уже;уже;ADV;_;Degree=Pos;_;_;_;@juad1986m-word#@juad1986m#1837.692#1837.987
15;не;не;PART;_;_;_;_;_;@juad1986m-word#@juad1986m#1837.987#1838.282
16;вместе;вместе;ADV;_;Degree=Pos;_;_;_;@juad1986m-word#@juad1986m#1838.282#1838.579
17;с;с;ADP;_;_;_;_;_;@juad1986m-word#@juad1986m#1838.723#1838.954
18;каких;какой;DET;_;Case=Gen|Number=Plur;_;_;_;@juad1986m-word#@juad1986m#1838.954#1839.185
19;пор;пора;NOUN;_;Animacy=Inan|Case=Gen|Gender=Fem|Number=Plur;_;_;_;@juad1986m-word#@juad1986m#1839.185#1839.416
20;вы;вы;PRON;_;Case=Nom|Number=Plur|Person=2;_;_;_;@juad1986m-word#@juad1986m#1839.416#1839.647
21;не;не;PART;_;_;_;_;_;@juad1986m-word#@juad1986m#1839.647#1839.878
22;вместе;вместе;ADV;_;Degree=Pos;_;_;_;@juad1986m-word#@juad1986m#1839.878#1840.109
23;?;?;PUNCT;_;_;_;_;_;@juad1986m-word#@juad1986m#1840.109#1840.34
24;почему;почему;ADV;_;Degree=Pos;_;_;_;@juad1986m-word#@juad1986m#1843.724#1844.168
25;?;?;PUNCT;_;_;_;_;_;@juad1986m-word#@juad1986m#1844.168#1844.612
26;это;это;PRON;_;Animacy=Inan|Case=Nom|Gender=Neut|Number=Sing;_;_;_;@juad1986m-word#@juad1986m#1877.949#1878.321
27;болезненное;болезненный;ADJ;_;Case=Nom|Degree=Pos|Gender=Neut|Number=Sing;_;_;_;@juad1986m-word#@juad1986m#1878.321#1878.693
28;расставание;расставание;NOUN;_;Animacy=Inan|Case=Nom|Gender=Neut|Number=Sing;_;_;_;@juad1986m-word#@juad1986m#1878.693#1879.065
29;было;быть;AUX;_;Aspect=Imp|Gender=Neut|Mood=Ind|Number=Sing|Tense=Past|VerbForm=Fin|Voice=Act;_;_;_;@juad1986m-word#@juad1986m#1879.065#1879.437
30;/;/;PUNCT;_;_;_;_;_;@juad1986m-word#@juad1986m#1879.437#1879.809
31;со;с;ADP;_;_;_;_;_;@juad1986m-word#@juad1986m#1879.809#1880.181
32;скандалами;скандал;NOUN;_;Animacy=Inan|Case=Ins|Gender=Fem|Number=Plur;_;_;_;@juad1986m-word#@juad1986m#1880.181#1880.553
33;/;/;PUNCT;_;_;_;_;_;@juad1986m-word#@juad1986m#1880.553#1880.925
34;с;с;ADP;_;_;_;_;_;@juad1986m-word#@juad1986m#1880.925#1881.297
35;?;?;PUNCT;_;_;_;_;_;@juad1986m-word#@juad1986m#1881.297#1881.673
36;его;его;DET;_;_;_;_;_;@juad1986m-word#@juad1986m#1911.833#1912.18
37;новая;новый;ADJ;_;Case=Nom|Degree=Pos|Gender=Fem|Number=Sing;_;_;_;@juad1986m-word#@juad1986m#1912.18#1912.527
38;девушка;девушка;NOUN;_;Animacy=Anim|Case=Nom|Gender=Fem|Number=Sing;_;_;_;@juad1986m-word#@juad1986m#1912.527#1912.874
39;/;/;PUNCT;_;_;_;_;_;@juad1986m-word#@juad1986m#1912.874#1913.221
40;ммм;мм;INTJ;_;_;_;_;_;@juad1986m-word#@juad1986m#1913.221#1913.568
41;которая;который;PRON;_;Case=Nom;_;_;_;@juad1986m-word#@juad1986m#1913.568#1913.915
42;выбегала;выбегать;VERB;_;Aspect=Imp|Gender=Fem|Mood=Ind|Number=Sing|Tense=Past|VerbForm=Fin|Voice=Act;_;_;_;@juad1986m-word#@juad1986m#1913.915#1914.262
43;на;на;ADP;_;_;_;_;_;@juad1986m-word#@juad1986m#1914.262#1914.609
44;поле;поле;NOUN;_;Animacy=Inan|Case=Loc|Gender=Neut|Number=Sing;_;_;_;@juad1986m-word#@juad1986m#1914.609#1914.956
45;вместе;вместе;ADV;_;Degree=Pos;_;_;_;@juad1986m-word#@juad1986m#1914.956#1915.303
46;с;с;ADP;_;_;_;_;_;@juad1986m-word#@juad1986m#1915.303#1915.65
47;ним;он;PRON;_;Case=Ins|Gender=Masc|Number=Sing|Person=3;_;_;_;@juad1986m-word#@juad1986m#1915.65#1915.999
48;ааа;аа;INTJ;_;_;_;_;_;@juad1986m-word#@juad1986m#1916.237#1916.547
49;вы;вы;PRON;_;Case=Nom|Number=Plur|Person=2;_;_;_;@juad1986m-word#@juad1986m#1916.547#1916.857
50;впервые;впервые;ADV;_;Degree=Pos;_;_;_;@juad1986m-word#@juad1986m#1916.857#1917.167
51;увиделись;увидеться;VERB;_;Aspect=Perf|Mood=Ind|Number=Plur|Tense=Past|VerbForm=Fin|Voice=Mid;_;_;_;@juad1986m-word#@juad1986m#1917.167#1917.477
52;в;в;ADP;_;_;_;_;_;@juad1986m-word#@juad1986m#1917.477#1917.787
53;Берлине;Берлин;PROPN;_;Animacy=Inan|Case=Loc|Gender=Masc|Number=Sing;_;_;_;@juad1986m-word#@juad1986m#1917.787#1918.097
54;?;?;PUNCT;_;_;_;_;_;@juad1986m-word#@juad1986m#1918.097#1918.412
55;как;как;SCONJ;_;_;_;_;_;@juad1986m-word#@juad1986m#1920.278#1920.522
56;там;там;ADV;_;Degree=Pos;_;_;_;@juad1986m-word#@juad1986m#1920.522#1920.766
57;эта;этот;DET;_;Case=Nom|Gender=Fem|Number=Sing;_;_;_;@juad1986m-word#@juad1986m#1920.766#1921.01
58;встреча;встреча;NOUN;_;Animacy=Inan|Case=Nom|Gender=Fem|Number=Sing;_;_;_;@juad1986m-word#@juad1986m#1921.01#1921.254
59;шла;идти;VERB;_;Aspect=Imp|Gender=Fem|Mood=Ind|Number=Sing|Tense=Past|VerbForm=Fin|Voice=Act;_;_;_;@juad1986m-word#@juad1986m#1921.254#1921.498
60;?;?;PUNCT;_;_;_;_;_;@juad1986m-word#@juad1986m#1921.498#1921.742
61;вообще;вообще;ADV;_;Degree=Pos;_;_;_;@juad1986m-word#@juad1986m#1922.451#1922.693
62;без;без;ADP;_;_;_;_;_;@juad1986m-word#@juad1986m#1922.693#1922.935
63;эмоций;эмоция;NOUN;_;Animacy=Inan|Case=Gen|Gender=Fem|Number=Plur;_;_;_;@juad1986m-word#@juad1986m#1922.935#1923.177
64;?;?;PUNCT;_;_;_;_;_;@juad1986m-word#@juad1986m#1923.177#1923.419
65;/;/;PUNCT;_;_;_;_;_;@juad1986m-word#@juad1986m#1923.419#1923.661
66;ну;ну;PART;_;_;_;_;_;@juad1986m-word#@juad1986m#1923.661#1923.903
67;то;то;PRON;_;Animacy=Inan|Case=Nom|Gender=Neut|Number=Sing;_;_;_;@juad1986m-word#@juad1986m#1923.903#1924.145
68;есть;быть;VERB;_;Aspect=Imp|Mood=Ind|Number=Sing|Person=3|Tense=Pres|VerbForm=Fin|Voice=Act;_;_;_;@juad1986m-word#@juad1986m#1924.145#1924.387
69;/;/;PUNCT;_;_;_;_;_;@juad1986m-word#@juad1986m#1924.387#1924.629
70;ты;ты;PRON;_;Case=Nom|Number=Sing|Person=2;_;_;_;@juad1986m-word#@juad1986m#1924.629#1924.871
71;в;в;ADP;_;_;_;_;_;@juad1986m-word#@juad1986m#1924.871#1925.113
72;тебе;ты;PRON;_;Case=Dat|Number=Sing|Person=2;_;_;_;@juad1986m-word#@juad1986m#1925.113#1925.355
73;какая-то;какой-то;DET;_;Case=Nom|Gender=Fem|Number=Sing;_;_;_;@juad1986m-word#@juad1986m#1925.355#1925.597
74;женская;женский;ADJ;_;Case=Nom|Degree=Pos|Gender=Fem|Number=Sing;_;_;_;@juad1986m-word#@juad1986m#1925.597#1925.839
75;ревность;ревность;NOUN;_;Animacy=Inan|Case=Nom|Gender=Fem|Number=Sing;_;_;_;@juad1986m-word#@juad1986m#1925.839#1926.081
76;или;или;CCONJ;_;_;_;_;_;@juad1986m-word#@juad1986m#1926.081#1926.323
77;что;что;SCONJ;_;_;_;_;_;@juad1986m-word#@juad1986m#1926.323#1926.565
78;то;то;PRON;_;Animacy=Inan|Case=Nom|Gender=Neut|Number=Sing;_;_;_;@juad1986m-word#@juad1986m#1926.565#1926.807
79;еще;еще;ADV;_;Degree=Pos;_;_;_;@juad1986m-word#@juad1986m#1926.807#1927.049
80;/;/;PUNCT;_;_;_;_;_;@juad1986m-word#@juad1986m#1927.049#1927.291
81;любопытство;любопытство;NOUN;_;Animacy=Inan|Case=Nom|Gender=Neut|Number=Sing;_;_;_;@juad1986m-word#@juad1986m#1927.291#1927.533
82;/;/;PUNCT;_;_;_;_;_;@juad1986m-word#@juad1986m#1927.533#1927.775
83;что-то;что-то;PRON;_;Case=Nom;_;_;_;@juad1986m-word#@juad1986m#1927.775#1928.017
84;в;в;ADP;_;_;_;_;_;@juad1986m-word#@juad1986m#1928.017#1928.259
85;тебе;ты;PRON;_;Case=Dat|Number=Sing|Person=2;_;_;_;@juad1986m-word#@juad1986m#1928.259#1928.501
86;играло;играть;VERB;_;Aspect=Imp|Gender=Neut|Mood=Ind|Number=Sing|Tense=Past|VerbForm=Fin|Voice=Act;_;_;_;@juad1986m-word#@juad1986m#1928.501#1928.743
87;?;?;PUNCT;_;_;_;_;_;@juad1986m-word#@juad1986m#1928.743#1929.0
88;а;а;CCONJ;_;_;_;_;_;@juad1986m-word#@juad1986m#1935.935#1936.649
89;где;где;ADV;_;Degree=Pos;_;_;_;@juad1986m-word#@juad1986m#1985.013#1985.267
90;живёт;жить;VERB;_;Aspect=Imp|Mood=Ind|Number=Sing|Person=3|Tense=Pres|VerbForm=Fin|Voice=Act;_;_;_;@juad1986m-word#@juad1986m#1985.267#1985.521
91;ваша;ваш;DET;_;Case=Nom|Gender=Fem|Number=Sing;_;_;_;@juad1986m-word#@juad1986m#1985.521#1985.775
92;дочь;дочь;NOUN;_;Animacy=Anim|Case=Nom|Gender=Fem|Number=Sing;_;_;_;@juad1986m-word#@juad1986m#1985.775#1986.029
93;?;?;PUNCT;_;_;_;_;_;@juad1986m-word#@juad1986m#1986.029#1986.285
94;а;а;CCONJ;_;_;_;_;_;@juad1986m-word#@juad1986m#1988.181#1988.431
95;с;с;ADP;_;_;_;_;_;@juad1986m-word#@juad1986m#1988.431#1988.681
96;кем;кто;PRON;_;Case=Ins;_;_;_;@juad1986m-word#@juad1986m#1988.681#1988.931
97;?;?;PUNCT;_;_;_;_;_;@juad1986m-word#@juad1986m#1988.931#1989.181
98;я;я;PRON;_;Case=Nom|Number=Sing|Person=1;_;_;_;@juad1986m-word#@juad1986m#1989.363#1989.645
99;не;не;PART;_;_;_;_;_;@juad1986m-word#@juad1986m#1989.645#1989.927
100;адрес;адрес;NOUN;_;Animacy=Inan|Case=Acc|Gender=Masc|Number=Sing;_;_;_;@juad1986m-word#@juad1986m#1989.927#1990.209
101;хотел;хотеть;VERB;_;Aspect=Imp|Gender=Masc|Mood=Ind|Number=Sing|Tense=Past|VerbForm=Fin|Voice=Act;_;_;_;@juad1986m-word#@juad1986m#1990.209#1990.491
102;узнать;узнать;VERB;_;Aspect=Perf|VerbForm=Inf|Voice=Act;_;_;_;@juad1986m-word#@juad1986m#1990.491#1990.773
103;[нрзб];[нрзб];X;_;_;_;_;_;@juad1986m-word#@juad1986m#1990.773#1991.055
104;/;/;PUNCT;_;_;_;_;_;@juad1986m-word#@juad1986m#1991.055#1991.337
105;ааа;аа;INTJ;_;_;_;_;_;@juad1986m-word#@juad1986m#1991.337#1991.623
106;с;с;ADP;_;_;_;_;_;@juad1986m-word#@juad1986m#1991.766#1992.064
107;кем;кто;PRON;_;Case=Ins;_;_;_;@juad1986m-word#@juad1986m#1992.064#1992.362
108;?;?;PUNCT;_;_;_;_;_;@juad1986m-word#@juad1986m#1992.362#1992.662
109;и;и;CCONJ;_;_;_;_;_;@juad1986m-word#@juad1986m#1995.233#1995.417
110;с;с;ADP;_;_;_;_;_;@juad1986m-word#@juad1986m#1995.417#1995.601
111;тобой;ты;PRON;_;Case=Ins|Number=Sing|Person=2;_;_;_;@juad1986m-word#@juad1986m#1995.601#1995.785
112;?;?;PUNCT;_;_;_;_;_;@juad1986m-word#@juad1986m#1995.785#1995.971
113;то;то;PRON;_;Animacy=Inan|Case=Nom|Gender=Neut|Number=Sing;_;_;_;@juad1986m-word#@juad1986m#1996.695#1996.948
114;есть;быть;VERB;_;Aspect=Imp|Mood=Ind|Number=Sing|Person=3|Tense=Pres|VerbForm=Fin|Voice=Act;_;_;_;@juad1986m-word#@juad1986m#1996.948#1997.201
115;ты;ты;PRON;_;Case=Nom|Number=Sing|Person=2;_;_;_;@juad1986m-word#@juad1986m#1997.201#1997.454
116;вы;вы;PRON;_;Case=Nom|Number=Plur|Person=2;_;_;_;@juad1986m-word#@juad1986m#1997.454#1997.707
117;каждый;каждый;DET;_;Case=Acc|Gender=Masc|Number=Sing;_;_;_;@juad1986m-word#@juad1986m#1997.707#1997.96
118;день;день;NOUN;_;Animacy=Inan|Case=Acc|Gender=Masc|Number=Sing;_;_;_;@juad1986m-word#@juad1986m#1997.96#1998.213
119;видитесь;видиться;VERB;_;Aspect=Imp|Mood=Ind|Number=Plur|Person=2|Tense=Pres|VerbForm=Fin|Voice=Mid;_;_;_;@juad1986m-word#@juad1986m#1998.213#1998.466
120;/;/;PUNCT;_;_;_;_;_;@juad1986m-word#@juad1986m#1998.466#1998.719
121;и;и;CCONJ;_;_;_;_;_;@juad1986m-word#@juad1986m#1998.719#1998.974
122;ей;она;PRON;_;Case=Dat|Gender=Fem|Number=Sing|Person=3;_;_;_;@juad1986m-word#@juad1986m#2004.688#2004.869
123;десять;десять;NUM;_;Case=Acc;_;_;_;@juad1986m-word#@juad1986m#2004.869#2005.05
124;лет;год;NOUN;_;Animacy=Inan|Case=Gen|Gender=Masc|Number=Plur;_;_;_;@juad1986m-word#@juad1986m#2005.05#2005.231
125;сейчас;сейчас;ADV;_;Degree=Pos;_;_;_;@juad1986m-word#@juad1986m#2005.231#2005.412
126;/;/;PUNCT;_;_;_;_;_;@juad1986m-word#@juad1986m#2005.412#2005.593
127;да;да;PART;_;_;_;_;_;@juad1986m-word#@juad1986m#2005.593#2005.774
128;?;?;PUNCT;_;_;_;_;_;@juad1986m-word#@juad1986m#2005.774#2005.956
129;у;у;ADP;_;_;_;_;_;@juad1986m-word#@juad1986m#2007.275#2007.448
130;нее;она;PRON;_;Case=Gen|Gender=Fem|Number=Sing|Person=3;_;_;_;@juad1986m-word#@juad1986m#2007.448#2007.621
131;уже;уже;ADV;_;Degree=Pos;_;_;_;@juad1986m-word#@juad1986m#2007.621#2007.794
132;есть;быть;VERB;_;Aspect=Imp|Mood=Ind|Number=Sing|Person=3|Tense=Pres|VerbForm=Fin|Voice=Act;_;_;_;@juad1986m-word#@juad1986m#2007.794#2007.967
133;смартфон;смартфон;NOUN;_;Animacy=Inan|Case=Nom|Gender=Masc|Number=Sing;_;_;_;@juad1986m-word#@juad1986m#2007.967#2008.14
134;?;?;PUNCT;_;_;_;_;_;@juad1986m-word#@juad1986m#2008.14#2008.318
135;она;она;PRON;_;Case=Nom|Gender=Fem|Number=Sing|Person=3;_;_;_;@juad1986m-word#@juad1986m#2010.217#2010.668
136;в;в;ADP;_;_;_;_;_;@juad1986m-word#@juad1986m#2010.668#2011.119
137;курсе;курс;NOUN;_;Animacy=Inan|Case=Loc|Gender=Masc|Number=Sing;_;_;_;@juad1986m-word#@juad1986m#2011.119#2011.57
138;акции;акция;NOUN;_;Animacy=Inan|Case=Gen|Gender=Fem|Number=Sing;_;_;_;@juad1986m-word#@juad1986m#2011.57#2012.021
139;ебись;ебаться;VERB;_;Aspect=Perf|Mood=Imp|Number=Sing|Person=2|VerbForm=Fin|Voice=Act;_;_;_;@juad1986m-word#@juad1986m#2012.021#2012.472
140;за;за;ADP;_;_;_;_;_;@juad1986m-word#@juad1986m#2012.472#2012.923
141;наследника;наследник;NOUN;_;Animacy=Anim|Case=Acc|Gender=Masc|Number=Sing;_;_;_;@juad1986m-word#@juad1986m#2012.923#2013.374
142;медвежонка;медвежонка;NOUN;_;Animacy=Inan|Case=Gen|Gender=Masc|Number=Sing;_;_;_;@juad1986m-word#@juad1986m#2013.374#2013.825
143;?;?;PUNCT;_;_;_;_;_;@juad1986m-word#@juad1986m#2013.825#2014.283
144;когда;когда;SCONJ;_;_;_;_;_;@juad1986m-word#@juad1986m#2015.663#2015.905
145;она;она;PRON;_;Case=Nom|Gender=Fem|Number=Sing|Person=3;_;_;_;@juad1986m-word#@juad1986m#2015.905#2016.147
146;м;мм;INTJ;_;_;_;_;_;@juad1986m-word#@juad1986m#2016.147#2016.389
147;о;о;ADP;_;_;_;_;_;@juad1986m-word#@juad1986m#2016.389#2016.631
148;ней;она;PRON;_;Case=Loc|Gender=Fem|Number=Sing|Person=3;_;_;_;@juad1986m-word#@juad1986m#2016.631#2016.873
149;узнала;узнать;VERB;_;Aspect=Perf|Gender=Fem|Mood=Ind|Number=Sing|Tense=Past|VerbForm=Fin|Voice=Act;_;_;_;@juad1986m-word#@juad1986m#2016.873#2017.115
150;?;?;PUNCT;_;_;_;_;_;@juad1986m-word#@juad1986m#2017.115#2017.362
151;смотри;смотреть;VERB;_;Aspect=Imp|Mood=Imp|Number=Sing|Person=2|VerbForm=Fin|Voice=Act;_;_;_;@juad1986m-word#@juad1986m#2038.354#2039.088
152;эээ;эээ;INTJ;_;_;_;_;_;@juad1986m-word#@juad1986m#2039.185#2039.596
153;в;в;ADP;_;_;_;_;_;@juad1986m-word#@juad1986m#2039.596#2040.007
154;акции;акция;NOUN;_;Animacy=Inan|Case=Loc|Gender=Fem|Number=Sing;_;_;_;@juad1986m-word#@juad1986m#2040.007#2040.418
155;в;в;ADP;_;_;_;_;_;@juad1986m-word#@juad1986m#2040.418#2040.829
156;тимирязевском;тимирязевский;ADJ;_;Case=Loc|Degree=Pos|Gender=Masc|Number=Sing;_;_;_;@juad1986m-word#@juad1986m#2040.829#2041.24
157;музее;музей;NOUN;_;Animacy=Inan|Case=Loc|Gender=Masc|Number=Sing;_;_;_;@juad1986m-word#@juad1986m#2041.24#2041.651
158;/;/;PUNCT;_;_;_;_;_;@juad1986m-word#@juad1986m#2041.651#2042.062
159;это;это;PRON;_;Animacy=Inan|Case=Nom|Gender=Neut|Number=Sing;_;_;_;@juad1986m-word#@juad1986m#2042.062#2042.473
160;с;с;ADP;_;_;_;_;_;@juad1986m-word#@juad1986m#2042.473#2042.884
161;как;как;SCONJ;_;_;_;_;_;@juad1986m-word#@juad1986m#2042.884#2043.295
162;раз;раз;NOUN;_;Animacy=Inan|Case=Acc|Gender=Masc|Number=Sing;_;_;_;@juad1986m-word#@juad1986m#2043.295#2043.706
163;с;с;ADP;_;_;_;_;_;@juad1986m-word#@juad1986m#2043.706#2044.117
164;2008;2008;NUM;_;_;_;_;_;@juad1986m-word#@juad1986m#2044.117#2044.528
165;года;год;NOUN;_;Animacy=Inan|Case=Gen|Gender=Masc|Number=Sing;_;_;_;@juad1986m-word#@juad1986m#2044.528#2044.939
166;меня;я;PRON;_;Case=Acc|Number=Sing|Person=1;_;_;_;@juad1986m-word#@juad1986m#2044.939#2045.35
167;интересует;интересовать;VERB;_;Aspect=Imp|Mood=Ind|Number=Sing|Person=3|Tense=Pres|VerbForm=Fin|Voice=Act;_;_;_;@juad1986m-word#@juad1986m#2045.35#2045.761
168;этот;этот;DET;_;Case=Acc|Gender=Masc|Number=Sing;_;_;_;@juad1986m-word#@juad1986m#2045.761#2046.172
169;вопрос;вопрос;NOUN;_;Animacy=Inan|Case=Nom|Gender=Masc|Number=Sing;_;_;_;@juad1986m-word#@juad1986m#2046.172#2046.597
170;она;она;PRON;_;Case=Nom|Gender=Fem|Number=Sing|Person=3;_;_;_;@juad1986m-word#@juad1986m#2046.902#2047.381
171;/;/;PUNCT;_;_;_;_;_;@juad1986m-word#@juad1986m#2047.381#2047.86
172;#смех#;#смех#;X;_;_;_;_;_;@juad1986m-word#@juad1986m#2047.86#2048.339
173;/;/;PUNCT;_;_;_;_;_;@juad1986m-word#@juad1986m#2048.339#2048.818
174;э;эээ;INTJ;_;_;_;_;_;@juad1986m-word#@juad1986m#2048.818#2049.297
175;она;она;PRON;_;Case=Nom|Gender=Fem|Number=Sing|Person=3;_;_;_;@juad1986m-word#@juad1986m#2049.297#2049.776
176;яркая;яркий;ADJ;_;Case=Nom|Degree=Pos|Gender=Fem|Number=Sing;_;_;_;@juad1986m-word#@juad1986m#2049.776#2050.256
177;дикая;дикий;ADJ;_;Case=Nom|Degree=Pos|Gender=Fem|Number=Sing;_;_;_;@juad1986m-word#@juad1986m#2050.646#2051.787
178;и;и;CCONJ;_;_;_;_;_;@juad1986m-word#@juad1986m#2052.141#2052.637
179;к;к;ADP;_;_;_;_;_;@juad1986m-word#@juad1986m#2053.177#2053.74
180;сожалению;сожаление;NOUN;_;Animacy=Inan|Case=Dat|Gender=Neut|Number=Sing;_;_;_;@juad1986m-word#@juad1986m#2053.74#2054.303
181;пророческая;пророческий;ADJ;_;Case=Nom|Degree=Pos|Gender=Fem|Number=Sing;_;_;_;@juad1986m-word#@juad1986m#2054.303#2054.867
182;ааа;аа;INTJ;_;_;_;_;_;@juad1986m-word#@juad1986m#2055.12#2055.393
183;вот;вот;PART;_;_;_;_;_;@juad1986m-word#@juad1986m#2055.393#2055.666
184;луч...;хорошо;ADV;_;Degree=Cmp;_;_;_;@juad1986m-word#@juad1986m#2055.666#2055.939
185;лучше;хороший;ADV;_;Degree=Cmp;_;_;_;@juad1986m-word#@juad1986m#2055.939#2056.212
186;бы;бы;PART;_;_;_;_;_;@juad1986m-word#@juad1986m#2056.212#2056.485
187;так;так;ADV;_;Degree=Pos;_;_;_;@juad1986m-word#@juad1986m#2056.485#2056.758
188;не;не;PART;_;_;_;_;_;@juad1986m-word#@juad1986m#2056.758#2057.031
189;было;быть;VERB;_;Aspect=Imp|Gender=Neut|Mood=Ind|Number=Sing|Tense=Past|VerbForm=Fin|Voice=Act;_;_;_;@juad1986m-word#@juad1986m#2057.031#2057.304
190;ну;ну;PART;_;_;_;_;_;@juad1986m-word#@juad1986m#2057.304#2057.577
191;/;/;PUNCT;_;_;_;_;_;@juad1986m-word#@juad1986m#2057.577#2057.85
192;слушай;слушае;VERB;_;Aspect=Imp|Mood=Imp|Number=Sing|Person=2|VerbForm=Fin|Voice=Act;_;_;_;@juad1986m-word#@juad1986m#2057.85#2058.123
193;в;в;ADP;_;_;_;_;_;@juad1986m-word#@juad1986m#2058.123#2058.396
194;2008;2008;NUM;_;_;_;_;_;@juad1986m-word#@juad1986m#2058.396#2058.669
195;году;год;NOUN;_;Animacy=Inan|Case=Loc|Gender=Masc|Number=Sing;_;_;_;@juad1986m-word#@juad1986m#2058.669#2058.942
196;я;я;PRON;_;Case=Nom|Number=Sing|Person=1;_;_;_;@juad1986m-word#@juad1986m#2058.942#2059.215
197;не;не;PART;_;_;_;_;_;@juad1986m-word#@juad1986m#2059.215#2059.488
198;понимал;понимать;VERB;_;Aspect=Imp|Gender=Masc|Mood=Ind|Number=Sing|Tense=Past|VerbForm=Fin|Voice=Act;_;_;_;@juad1986m-word#@juad1986m#2059.488#2059.761
199;почему;почему;ADV;_;Degree=Pos;_;_;_;@juad1986m-word#@juad1986m#2059.761#2060.034
200;так;так;ADV;_;Degree=Pos;_;_;_;@juad1986m-word#@juad1986m#2060.034#2060.307
201;происходит;происходить;VERB;_;Aspect=Imp|Mood=Ind|Number=Sing|Person=3|Tense=Pres|VerbForm=Fin|Voice=Act;_;_;_;@juad1986m-word#@juad1986m#2060.307#2060.58
202;/;/;PUNCT;_;_;_;_;_;@juad1986m-word#@juad1986m#2060.58#2060.853
203;что;что;SCONJ;_;_;_;_;_;@juad1986m-word#@juad1986m#2060.853#2061.126
204;вы;вы;PRON;_;Case=Nom|Number=Plur|Person=2;_;_;_;@juad1986m-word#@juad1986m#2061.126#2061.399
205;хотите;хотеть;VERB;_;Aspect=Imp|Mood=Ind|Number=Plur|Person=2|Tense=Pres|VerbForm=Fin|Voice=Act;_;_;_;@juad1986m-word#@juad1986m#2061.399#2061.672
206;доказать;доказать;VERB;_;Aspect=Perf|VerbForm=Inf|Voice=Act;_;_;_;@juad1986m-word#@juad1986m#2061.672#2061.948
207;но;но;CCONJ;_;_;_;_;_;@juad1986m-word#@juad1986m#2062.051#2062.362
208;приходит;приходить;VERB;_;Aspect=Imp|Mood=Ind|Number=Sing|Person=3|Tense=Pres|VerbForm=Fin|Voice=Act;_;_;_;@juad1986m-word#@juad1986m#2062.362#2062.673
209;новый;новый;ADJ;_;Case=Nom|Degree=Pos|Gender=Masc|Number=Sing;_;_;_;@juad1986m-word#@juad1986m#2062.673#2062.984
210;президент;президент;NOUN;_;Animacy=Anim|Case=Nom|Gender=Masc|Number=Sing;_;_;_;@juad1986m-word#@juad1986m#2062.984#2063.295
211;/;/;PUNCT;_;_;_;_;_;@juad1986m-word#@juad1986m#2063.295#2063.606
212;и;и;CCONJ;_;_;_;_;_;@juad1986m-word#@juad1986m#2063.606#2063.917
213;/;/;PUNCT;_;_;_;_;_;@juad1986m-word#@juad1986m#2063.917#2064.228
214;и;и;CCONJ;_;_;_;_;_;@juad1986m-word#@juad1986m#2064.228#2064.539
215;чего;что;PRON;_;Case=Gen;_;_;_;@juad1986m-word#@juad1986m#2064.539#2064.85
216;щас;сейчас;ADV;_;Degree=Pos;_;_;_;@juad1986m-word#@juad1986m#2064.85#2065.161
217;будет;быть;AUX;_;Aspect=Imp|Mood=Ind|Number=Sing|Person=3|Tense=Pres|VerbForm=Fin|Voice=Act;_;_;_;@juad1986m-word#@juad1986m#2065.161#2065.472
218;новая;новый;ADJ;_;Case=Nom|Degree=Pos|Gender=Fem|Number=Sing;_;_;_;@juad1986m-word#@juad1986m#2065.472#2065.783
219;власть;власть;NOUN;_;Animacy=Inan|Case=Nom|Gender=Fem|Number=Sing;_;_;_;@juad1986m-word#@juad1986m#2065.783#2066.094
220;и;и;CCONJ;_;_;_;_;_;@juad1986m-word#@juad1986m#2066.094#2066.405
221;/;/;PUNCT;_;_;_;_;_;@juad1986m-word#@juad1986m#2066.405#2066.716
222;чё;что;PRON;_;Case=Gen;_;_;_;@juad1986m-word#@juad1986m#2066.716#2067.027
223;вы;вы;PRON;_;Case=Nom|Number=Plur|Person=2;_;_;_;@juad1986m-word#@juad1986m#2067.027#2067.338
224;вообще;вообще;ADV;_;Degree=Pos;_;_;_;@juad1986m-word#@juad1986m#2067.338#2067.649
225;доебались;доебаться;VERB;_;Aspect=Perf|Mood=Ind|Number=Plur|Tense=Past|VerbForm=Fin|Voice=Mid;_;_;_;@juad1986m-word#@juad1986m#2067.649#2067.96
226;блин;блин;INTJ;_;_;_;_;_;@juad1986m-word#@juad1986m#2067.96#2068.271
227;/;/;PUNCT;_;_;_;_;_;@juad1986m-word#@juad1986m#2068.271#2068.582
228;акционисты;акционист;NOUN;_;Animacy=Anim|Case=Nom|Gender=Masc|Number=Plur;_;_;_;@juad1986m-word#@juad1986m#2068.582#2068.893
229;/;/;PUNCT;_;_;_;_;_;@juad1986m-word#@juad1986m#2068.893#2069.204
230;сраные;сраный;ADJ;_;Case=Nom|Degree=Pos|Number=Plur;_;_;_;@juad1986m-word#@juad1986m#2069.204#2069.534
231;ну;ну;INTJ;_;_;_;_;_;@juad1986m-word#@juad1986m#2071.224#2071.642
232;ааа;аа;INTJ;_;_;_;_;_;@juad1986m-word#@juad1986m#2071.642#2072.06
233;/;/;PUNCT;_;_;_;_;_;@juad1986m-word#@juad1986m#2072.06#2072.478
234;по;по;ADP;_;_;_;_;_;@juad1986m-word#@juad1986m#2072.478#2072.896
235;факту;факт;NOUN;_;Animacy=Inan|Case=Dat|Gender=Masc|Number=Sing;_;_;_;@juad1986m-word#@juad1986m#2072.896#2073.314
236;получается;получаться;VERB;_;Aspect=Imp|Mood=Ind|Number=Sing|Person=3|Tense=Pres|VerbForm=Fin|Voice=Mid;_;_;_;@juad1986m-word#@juad1986m#2073.314#2073.732
237;что;что;SCONJ;_;_;_;_;_;@juad1986m-word#@juad1986m#2073.732#2074.15
238;с;с;ADP;_;_;_;_;_;@juad1986m-word#@juad1986m#2074.15#2074.568
239;точки;точка;NOUN;_;Animacy=Inan|Case=Gen|Gender=Fem|Number=Sing;_;_;_;@juad1986m-word#@juad1986m#2074.568#2074.986
240;зрения;зрение;NOUN;_;Animacy=Inan|Case=Gen|Gender=Neut|Number=Sing;_;_;_;@juad1986m-word#@juad1986m#2074.986#2075.404
241;сменяемости;сменяемость;NOUN;_;Animacy=Inan|Case=Gen|Gender=Fem|Number=Sing;_;_;_;@juad1986m-word#@juad1986m#2075.404#2075.822
242;власти;власть;NOUN;_;Animacy=Inan|Case=Gen|Gender=Fem|Number=Sing;_;_;_;@juad1986m-word#@juad1986m#2075.822#2076.24
243;/;/;PUNCT;_;_;_;_;_;@juad1986m-word#@juad1986m#2076.24#2076.658
244;с;с;ADP;_;_;_;_;_;@juad1986m-word#@juad1986m#2076.658#2077.076
245;точки;точка;NOUN;_;Animacy=Inan|Case=Gen|Gender=Fem|Number=Sing;_;_;_;@juad1986m-word#@juad1986m#2077.076#2077.494
246;зрения;зрение;NOUN;_;Animacy=Inan|Case=Gen|Gender=Neut|Number=Sing;_;_;_;@juad1986m-word#@juad1986m#2077.494#2077.912
247;уважения;уважение;NOUN;_;Animacy=Inan|Case=Gen|Gender=Neut|Number=Sing;_;_;_;@juad1986m-word#@juad1986m#2077.912#2078.33
248;населения;население;NOUN;_;Animacy=Inan|Case=Gen|Gender=Neut|Number=Sing;_;_;_;@juad1986m-word#@juad1986m#2078.33#2078.748
249;/;/;PUNCT;_;_;_;_;_;@juad1986m-word#@juad1986m#2078.748#2079.166
250;конечно;конечно;ADV;_;Degree=Pos;_;_;_;@juad1986m-word#@juad1986m#2079.166#2079.584
251;же;же;PART;_;_;_;_;_;@juad1986m-word#@juad1986m#2079.584#2080.002
252;страну;страна;NOUN;_;Animacy=Inan|Case=Acc|Gender=Fem|Number=Sing;_;_;_;@juad1986m-word#@juad1986m#2080.002#2080.42
253;поставили;ставить;VERB;_;Aspect=Perf|Mood=Ind|Number=Plur|Tense=Past|VerbForm=Fin|Voice=Act;_;_;_;@juad1986m-word#@juad1986m#2080.42#2080.838
254;раком;рак;NOUN;_;Animacy=Inan|Case=Ins|Gender=Masc|Number=Sing;_;_;_;@juad1986m-word#@juad1986m#2080.838#2081.258
255;и;и;CCONJ;_;_;_;_;_;@juad1986m-word#@juad1986m#2081.914#2082.14
256;вы;вы;PRON;_;Case=Nom|Number=Plur|Person=2;_;_;_;@juad1986m-word#@juad1986m#2082.14#2082.366
257;это;это;PRON;_;Animacy=Inan|Case=Acc|Gender=Neut|Number=Sing;_;_;_;@juad1986m-word#@juad1986m#2082.366#2082.592
258;показали;показать;VERB;_;Aspect=Perf|Mood=Ind|Number=Plur|Tense=Past|VerbForm=Fin|Voice=Act;_;_;_;@juad1986m-word#@juad1986m#2082.592#2082.818
259;я;я;PRON;_;Case=Nom|Number=Sing|Person=1;_;_;_;@juad1986m-word#@juad1986m#2082.818#2083.044
260;не;не;PART;_;_;_;_;_;@juad1986m-word#@juad1986m#2083.044#2083.27
261;знаю;знать;VERB;_;Aspect=Imp|Mood=Ind|Number=Sing|Person=1|Tense=Pres|VerbForm=Fin|Voice=Act;_;_;_;@juad1986m-word#@juad1986m#2083.27#2083.496
262;/;/;PUNCT;_;_;_;_;_;@juad1986m-word#@juad1986m#2083.496#2083.722
263;это;это;PRON;_;Animacy=Inan|Case=Nom|Gender=Neut|Number=Sing;_;_;_;@juad1986m-word#@juad1986m#2083.722#2083.948
264;вы;вы;PRON;_;Case=Nom|Number=Plur|Person=2;_;_;_;@juad1986m-word#@juad1986m#2083.948#2084.174
265;вкладывали;вкладывать;VERB;_;Aspect=Imp|Mood=Ind|Number=Plur|Tense=Past|VerbForm=Fin|Voice=Act;_;_;_;@juad1986m-word#@juad1986m#2084.174#2084.4
266;или;или;CCONJ;_;_;_;_;_;@juad1986m-word#@juad1986m#2084.4#2084.626
267;не;не;PART;_;_;_;_;_;@juad1986m-word#@juad1986m#2084.626#2084.852
268;это;это;PRON;_;Animacy=Inan|Case=Nom|Gender=Neut|Number=Sing;_;_;_;@juad1986m-word#@juad1986m#2084.852#2085.086
269;но;но;CCONJ;_;_;_;_;_;@juad1986m-word#@juad1986m#2085.431#2086.155
270;это;это;PRON;_;Animacy=Inan|Case=Nom|Gender=Neut|Number=Sing;_;_;_;@juad1986m-word#@juad1986m#2086.551#2086.953
271;всё;весь;DET;_;Case=Nom|Gender=Neut|Number=Sing;_;_;_;@juad1986m-word#@juad1986m#2086.953#2087.355
272;искусство;искусство;NOUN;_;Animacy=Inan|Case=Nom|Gender=Neut|Number=Sing;_;_;_;@juad1986m-word#@juad1986m#2087.355#2087.758
273;по;по;ADP;_;_;_;_;_;@juad1986m-word#@juad1986m#2087.827#2088.171
274;искусству;искусство;NOUN;_;Animacy=Inan|Case=Dat|Gender=Neut|Number=Sing;_;_;_;@juad1986m-word#@juad1986m#2088.171#2088.515
275;вопросов;вопрос;NOUN;_;Animacy=Inan|Case=Gen|Gender=Masc|Number=Plur;_;_;_;@juad1986m-word#@juad1986m#2088.515#2088.859
276;нет;нет;VERB;_;Aspect=Imp|Mood=Ind|Number=Sing|Person=3|Tense=Pres|VerbForm=Fin|Voice=Act;_;_;_;@juad1986m-word#@juad1986m#2088.859#2089.206
277;вопрос;вопрос;NOUN;_;Animacy=Inan|Case=Nom|Gender=Masc|Number=Sing;_;_;_;@juad1986m-word#@juad1986m#2089.396#2089.78
278;другой;другой;ADJ;_;Case=Gen|Degree=Pos|Gender=Fem|Number=Sing;_;_;_;@juad1986m-word#@juad1986m#2089.78#2090.164
279;/;/;PUNCT;_;_;_;_;_;@juad1986m-word#@juad1986m#2090.164#2090.548
280;вот;вот;PART;_;_;_;_;_;@juad1986m-word#@juad1986m#2090.548#2090.932
281;эээ;эээ;INTJ;_;_;_;_;_;@juad1986m-word#@juad1986m#2090.932#2091.316
282;ммм;мм;INTJ;_;_;_;_;_;@juad1986m-word#@juad1986m#2091.316#2091.7
283;/;/;PUNCT;_;_;_;_;_;@juad1986m-word#@juad1986m#2091.7#2092.084
284;никаких;никакой;DET;_;Case=Gen|Number=Plur;_;_;_;@juad1986m-word#@juad1986m#2092.084#2092.468
285;вопросов;вопрос;NOUN;_;Animacy=Inan|Case=Gen|Gender=Masc|Number=Plur;_;_;_;@juad1986m-word#@juad1986m#2092.468#2092.852
286;к;к;ADP;_;_;_;_;_;@juad1986m-word#@juad1986m#2092.852#2093.236
287;тебе;ты;PRON;_;Case=Dat|Number=Sing|Person=2;_;_;_;@juad1986m-word#@juad1986m#2093.236#2093.62
288;к;к;ADP;_;_;_;_;_;@juad1986m-word#@juad1986m#2093.879#2094.093
289;э;эээ;INTJ;_;_;_;_;_;@juad1986m-word#@juad1986m#2094.093#2094.307
290;к;к;ADP;_;_;_;_;_;@juad1986m-word#@juad1986m#2094.307#2094.521
291;тому;то;PRON;_;Animacy=Inan|Case=Dat|Gender=Neut|Number=Sing;_;_;_;@juad1986m-word#@juad1986m#2094.521#2094.735
292;что;что;SCONJ;_;_;_;_;_;@juad1986m-word#@juad1986m#2094.735#2094.949
293;ты;ты;PRON;_;Case=Nom|Number=Sing|Person=2;_;_;_;@juad1986m-word#@juad1986m#2094.949#2095.163
294;беременная;беременный;ADJ;_;Case=Nom|Degree=Pos|Gender=Fem|Number=Sing;_;_;_;@juad1986m-word#@juad1986m#2095.163#2095.377
295;там;там;ADV;_;Degree=Pos;_;_;_;@juad1986m-word#@juad1986m#2095.377#2095.591
296;на;на;ADP;_;_;_;_;_;@juad1986m-word#@juad1986m#2095.591#2095.805
297;девятом;девятый;ADJ;_;Case=Loc|Degree=Pos|Gender=Masc|Number=Sing;_;_;_;@juad1986m-word#@juad1986m#2095.805#2096.019
298;кажется;казаться;VERB;_;Aspect=Imp|Mood=Ind|Number=Sing|Person=3|Tense=Pres|VerbForm=Fin|Voice=Mid;_;_;_;@juad1986m-word#@juad1986m#2096.019#2096.233
299;месяце;месяц;NOUN;_;Animacy=Anim|Case=Dat|Gender=Fem|Number=Sing;_;_;_;@juad1986m-word#@juad1986m#2096.233#2096.447
300;/;/;PUNCT;_;_;_;_;_;@juad1986m-word#@juad1986m#2096.447#2096.661
301;да;да;PART;_;_;_;_;_;@juad1986m-word#@juad1986m#2096.661#2096.875
302;?;?;PUNCT;_;_;_;_;_;@juad1986m-word#@juad1986m#2096.875#2097.089
303;/;/;PUNCT;_;_;_;_;_;@juad1986m-word#@juad1986m#2097.089#2097.303
304;ты;ты;PRON;_;Case=Nom|Number=Sing|Person=2;_;_;_;@juad1986m-word#@juad1986m#2097.303#2097.517
305;/;/;PUNCT;_;_;_;_;_;@juad1986m-word#@juad1986m#2097.517#2097.731
306;трахаешься;трахаться;VERB;_;Aspect=Imp|Mood=Ind|Number=Sing|Person=2|Tense=Pres|VerbForm=Fin|Voice=Mid;_;_;_;@juad1986m-word#@juad1986m#2097.731#2097.945
307;там;там;ADV;_;Degree=Pos;_;_;_;@juad1986m-word#@juad1986m#2097.945#2098.159
308;с;с;ADP;_;_;_;_;_;@juad1986m-word#@juad1986m#2098.159#2098.373
309;Петей;Петя;PROPN;_;Animacy=Anim|Case=Ins|Gender=Masc|Number=Sing;_;_;_;@juad1986m-word#@juad1986m#2098.373#2098.603
310;но;но;CCONJ;_;_;_;_;_;@juad1986m-word#@juad1986m#2098.948#2099.271
311;/;/;PUNCT;_;_;_;_;_;@juad1986m-word#@juad1986m#2099.271#2099.594
312;ведь;ведь;PART;_;_;_;_;_;@juad1986m-word#@juad1986m#2099.594#2099.917
313;там;там;ADV;_;Degree=Pos;_;_;_;@juad1986m-word#@juad1986m#2099.917#2100.24
314;же;же;PART;_;_;_;_;_;@juad1986m-word#@juad1986m#2100.24#2100.563
315;невольная;невольный;ADJ;_;Case=Nom|Degree=Pos|Gender=Fem|Number=Sing;_;_;_;@juad1986m-word#@juad1986m#2100.563#2100.886
316;участница;участница;NOUN;_;Animacy=Inan|Case=Nom|Gender=Fem|Number=Sing;_;_;_;@juad1986m-word#@juad1986m#2100.886#2101.209
317;акции;акция;NOUN;_;Animacy=Inan|Case=Gen|Gender=Fem|Number=Sing;_;_;_;@juad1986m-word#@juad1986m#2101.209#2101.534
318;это;это;PRON;_;_;_;_;_;@juad1986m-word#@juad1986m#2102.061#2102.397
319;твоя;твой;DET;_;Case=Nom|Gender=Fem|Number=Sing;_;_;_;@juad1986m-word#@juad1986m#2102.397#2102.733
320;дочь;дочь;NOUN;_;Animacy=Anim|Case=Acc|Gender=Fem|Number=Sing;_;_;_;@juad1986m-word#@juad1986m#2102.733#2103.069
321;которая;который;PRON;_;Case=Nom;_;_;_;@juad1986m-word#@juad1986m#2103.137#2103.39
322;у;у;ADP;_;_;_;_;_;@juad1986m-word#@juad1986m#2103.39#2103.643
323;тебя;ты;PRON;_;Case=Gen|Number=Sing|Person=2;_;_;_;@juad1986m-word#@juad1986m#2103.643#2103.896
324;в;в;ADP;_;_;_;_;_;@juad1986m-word#@juad1986m#2103.896#2104.149
325;в;в;ADP;_;_;_;_;_;@juad1986m-word#@juad1986m#2104.149#2104.402
326;пузе;пузо;NOUN;_;Animacy=Inan|Case=Loc|Gender=Neut|Number=Sing;_;_;_;@juad1986m-word#@juad1986m#2104.402#2104.655
327;в;в;ADP;_;_;_;_;_;@juad1986m-word#@juad1986m#2104.655#2104.908
328;тот;тот;DET;_;Case=Acc|Gender=Masc|Number=Sing;_;_;_;@juad1986m-word#@juad1986m#2104.908#2105.161
329;момент;момент;NOUN;_;Animacy=Inan|Case=Acc|Gender=Masc|Number=Sing;_;_;_;@juad1986m-word#@juad1986m#2105.161#2105.414
330;находилась;находиться;VERB;_;Aspect=Imp|Gender=Fem|Mood=Ind|Number=Sing|Tense=Past|VerbForm=Fin|Voice=Mid;_;_;_;@juad1986m-word#@juad1986m#2105.414#2105.672
331;ты;ты;PRON;_;Case=Nom|Number=Sing|Person=2;_;_;_;@juad1986m-word#@juad1986m#2106.137#2106.472
332;сама;сам;ADJ;_;Case=Nom|Degree=Pos|Gender=Fem|Number=Sing;_;_;_;@juad1986m-word#@juad1986m#2106.472#2106.807
333;сделала;делать;VERB;_;Aspect=Perf|Gender=Fem|Mood=Ind|Number=Sing|Tense=Past|VerbForm=Fin|Voice=Act;_;_;_;@juad1986m-word#@juad1986m#2106.807#2107.142
334;выбор;выбор;NOUN;_;Animacy=Inan|Case=Acc|Gender=Masc|Number=Sing;_;_;_;@juad1986m-word#@juad1986m#2107.142#2107.477
335;/;/;PUNCT;_;_;_;_;_;@juad1986m-word#@juad1986m#2107.477#2107.812
336;участвовать;участвовать;VERB;_;Aspect=Imp|VerbForm=Inf|Voice=Act;_;_;_;@juad1986m-word#@juad1986m#2107.812#2108.147
337;там;там;ADV;_;Degree=Pos;_;_;_;@juad1986m-word#@juad1986m#2108.147#2108.482
338;но;но;CCONJ;_;_;_;_;_;@juad1986m-word#@juad1986m#2108.655#2108.951
339;дочь;дочь;NOUN;_;Animacy=Anim|Case=Nom|Gender=Fem|Number=Sing;_;_;_;@juad1986m-word#@juad1986m#2108.951#2109.247
340;не;не;PART;_;_;_;_;_;@juad1986m-word#@juad1986m#2109.247#2109.543
341;делала;делать;VERB;_;Aspect=Imp|Gender=Fem|Mood=Ind|Number=Sing|Tense=Past|VerbForm=Fin|Voice=Act;_;_;_;@juad1986m-word#@juad1986m#2109.543#2109.839
342;же;же;PART;_;_;_;_;_;@juad1986m-word#@juad1986m#2109.839#2110.135
343;выбор;выбор;NOUN;_;Animacy=Inan|Case=Acc|Gender=Masc|Number=Sing;_;_;_;@juad1986m-word#@juad1986m#2110.135#2110.431
344;разве;разве;PART;_;_;_;_;_;@juad1986m-word#@juad1986m#2110.569#2110.836
345;это;это;PRON;_;Animacy=Inan|Case=Nom|Gender=Neut|Number=Sing;_;_;_;@juad1986m-word#@juad1986m#2110.836#2111.103
346;правильно;правильный;ADJ;_;Degree=Pos|Gender=Neut|Number=Sing|Variant=Short;_;_;_;@juad1986m-word#@juad1986m#2111.103#2111.37
347;?;?;PUNCT;_;_;_;_;_;@juad1986m-word#@juad1986m#2111.37#2111.637
348;[нрзб];[нрзб];X;_;_;_;_;_;@juad1986m-word#@juad1986m#2112.086#2112.672
349;нет;нет;INTJ;_;_;_;_;_;@juad1986m-word#@juad1986m#2114.414#2114.72
350;меня;я;PRON;_;Case=Acc|Number=Sing|Person=1;_;_;_;@juad1986m-word#@juad1986m#2114.72#2115.026
351;смущает;смущать;VERB;_;Aspect=Imp|Mood=Ind|Number=Sing|Person=3|Tense=Pres|VerbForm=Fin|Voice=Act;_;_;_;@juad1986m-word#@juad1986m#2115.026#2115.332
352;то;то;SCONJ;_;_;_;_;_;@juad1986m-word#@juad1986m#2115.332#2115.638
353;что;что;PRON;_;Case=Nom;_;_;_;@juad1986m-word#@juad1986m#2115.638#2115.944
354;/;/;PUNCT;_;_;_;_;_;@juad1986m-word#@juad1986m#2115.944#2116.25
355;как;как;ADV;_;Degree=Pos;_;_;_;@juad1986m-word#@juad1986m#2116.25#2116.556
356;бы;бы;PART;_;_;_;_;_;@juad1986m-word#@juad1986m#2116.556#2116.862
357;она;она;PRON;_;Case=Nom|Gender=Fem|Number=Sing|Person=3;_;_;_;@juad1986m-word#@juad1986m#2116.862#2117.168
358;присутствует;присутствовать;VERB;_;Aspect=Imp|Mood=Ind|Number=Sing|Person=3|Tense=Pres|VerbForm=Fin|Voice=Act;_;_;_;@juad1986m-word#@juad1986m#2117.168#2117.474
359;при;при;ADP;_;_;_;_;_;@juad1986m-word#@juad1986m#2117.474#2117.78
360;вот;вот;PART;_;_;_;_;_;@juad1986m-word#@juad1986m#2117.78#2118.086
361;этой;этот;DET;_;Case=Gen|Gender=Fem|Number=Sing;_;_;_;@juad1986m-word#@juad1986m#2118.086#2118.392
362;акции;акция;NOUN;_;Animacy=Inan|Case=Gen|Gender=Fem|Number=Sing;_;_;_;@juad1986m-word#@juad1986m#2118.392#2118.698
363;/;/;PUNCT;_;_;_;_;_;@juad1986m-word#@juad1986m#2118.698#2119.004
364;которая;который;PRON;_;Case=Nom;_;_;_;@juad1986m-word#@juad1986m#2119.004#2119.31
365;диковата;диковатый;VERB;_;Aspect=Perf|Gender=Fem|Number=Sing|Tense=Past|Variant=Short|VerbForm=Part|Voice=Pass;_;_;_;@juad1986m-word#@juad1986m#2119.31#2119.616
366;по;по;ADP;_;_;_;_;_;@juad1986m-word#@juad1986m#2119.616#2119.922
367;своему;свой;DET;_;Case=Dat|Gender=Neut|Number=Sing;_;_;_;@juad1986m-word#@juad1986m#2119.922#2120.228
368;исполнению;исполнение;NOUN;_;Animacy=Inan|Case=Dat|Gender=Neut|Number=Sing;_;_;_;@juad1986m-word#@juad1986m#2120.228#2120.534
369;и;и;CCONJ;_;_;_;_;_;@juad1986m-word#@juad1986m#2121.293#2121.551
370;она;она;PRON;_;Case=Nom|Gender=Fem|Number=Sing|Person=3;_;_;_;@juad1986m-word#@juad1986m#2121.551#2121.809
371;не;не;PART;_;_;_;_;_;@juad1986m-word#@juad1986m#2121.809#2122.067
372;делала;делать;VERB;_;Aspect=Imp|Gender=Fem|Mood=Ind|Number=Sing|Tense=Past|VerbForm=Fin|Voice=Act;_;_;_;@juad1986m-word#@juad1986m#2122.067#2122.325
373;этот;этот;DET;_;Case=Acc|Gender=Masc|Number=Sing;_;_;_;@juad1986m-word#@juad1986m#2122.325#2122.583
374;выбор;выбор;NOUN;_;Animacy=Inan|Case=Acc|Gender=Masc|Number=Sing;_;_;_;@juad1986m-word#@juad1986m#2122.583#2122.841
375;/;/;PUNCT;_;_;_;_;_;@juad1986m-word#@juad1986m#2122.841#2123.099
376;ты;ты;PRON;_;Case=Nom|Number=Sing|Person=2;_;_;_;@juad1986m-word#@juad1986m#2123.099#2123.357
377;невольно;невольно;ADV;_;Degree=Pos;_;_;_;@juad1986m-word#@juad1986m#2123.357#2123.615
378;её;она;PRON;_;Case=Acc|Gender=Fem|Number=Sing|Person=3;_;_;_;@juad1986m-word#@juad1986m#2123.615#2123.873
379;туда;туда;ADV;_;Degree=Pos;_;_;_;@juad1986m-word#@juad1986m#2123.873#2124.131
380;затащила;тащить;VERB;_;Aspect=Perf|Gender=Fem|Mood=Ind|Number=Sing|Tense=Past|VerbForm=Fin|Voice=Act;_;_;_;@juad1986m-word#@juad1986m#2124.131#2124.396
381;акции;акция;NOUN;_;Animacy=Inan|Case=Acc|Gender=Fem|Number=Plur;_;_;_;@juad1986m-word#@juad1986m#2132.545#2132.914
382;против;против;ADP;_;_;_;_;_;@juad1986m-word#@juad1986m#2132.914#2133.283
383;ментовского;ментовской;ADJ;_;Case=Gen|Degree=Pos|Gender=Neut|Number=Sing;_;_;_;@juad1986m-word#@juad1986m#2133.283#2133.652
384;насилия;насилие;NOUN;_;Animacy=Inan|Case=Gen|Gender=Neut|Number=Sing;_;_;_;@juad1986m-word#@juad1986m#2133.652#2134.021
385;/;/;PUNCT;_;_;_;_;_;@juad1986m-word#@juad1986m#2134.021#2134.39
386;и;и;CCONJ;_;_;_;_;_;@juad1986m-word#@juad1986m#2134.39#2134.759
387;акции;акция;NOUN;_;Animacy=Inan|Case=Nom|Gender=Fem|Number=Plur;_;_;_;@juad1986m-word#@juad1986m#2134.759#2135.128
388;где;где;ADV;_;Degree=Pos;_;_;_;@juad1986m-word#@juad1986m#2135.128#2135.497
389;ты;ты;PRON;_;Case=Nom|Number=Sing|Person=2;_;_;_;@juad1986m-word#@juad1986m#2135.497#2135.866
390;голая;голый;ADJ;_;Case=Nom|Degree=Pos|Gender=Fem|Number=Sing;_;_;_;@juad1986m-word#@juad1986m#2135.866#2136.241
391;и;и;CCONJ;_;_;_;_;_;@juad1986m-word#@juad1986m#2136.396#2136.74
392;трахаешься;трахаться;VERB;_;Aspect=Perf|Mood=Ind|Number=Sing|Person=2|Tense=Fut|VerbForm=Fin|Voice=Mid;_;_;_;@juad1986m-word#@juad1986m#2136.74#2137.084
393;/;/;PUNCT;_;_;_;_;_;@juad1986m-word#@juad1986m#2137.084#2137.428
394;под;под;ADP;_;_;_;_;_;@juad1986m-word#@juad1986m#2137.428#2137.772
395;камеры;камера;NOUN;_;Animacy=Inan|Case=Gen|Gender=Fem|Number=Sing;_;_;_;@juad1986m-word#@juad1986m#2137.772#2138.116
396;это;это;PRON;_;Animacy=Inan|Case=Nom|Gender=Neut|Number=Sing;_;_;_;@juad1986m-word#@juad1986m#2138.116#2138.46
397;разные;разный;ADJ;_;Case=Nom|Degree=Pos|Number=Plur;_;_;_;@juad1986m-word#@juad1986m#2138.46#2138.804
398;вещи;вещь;NOUN;_;Animacy=Inan|Case=Nom|Gender=Fem|Number=Plur;_;_;_;@juad1986m-word#@juad1986m#2138.804#2139.155
399;угу;угу;INTJ;_;_;_;_;_;@nat1989f-word#@nat1989f#1838.441#1839.24
400;ммм;мм;INTJ;_;_;_;_;_;@nat1989f-word#@nat1989f#1840.5#1842.058
401;с;с;ADP;_;_;_;_;_;@nat1989f-word#@nat1989f#1842.446#1842.758
402;шестнадцатого;шестнадцатый;ADJ;_;Case=Gen|Degree=Pos|Gender=Masc|Number=Sing;_;_;_;@nat1989f-word#@nat1989f#1842.758#1843.07
403;года;год;NOUN;_;Animacy=Inan|Case=Gen|Gender=Masc|Number=Sing;_;_;_;@nat1989f-word#@nat1989f#1843.07#1843.383
404;да;да;CCONJ;_;_;_;_;_;@nat1989f-word#@nat1989f#1844.723#1845.013
405;пф;пф;INTJ;_;_;_;_;_;@nat1989f-word#@nat1989f#1845.013#1845.303
406;/;/;PUNCT;_;_;_;_;_;@nat1989f-word#@nat1989f#1845.303#1845.593
407;ммм;мм;INTJ;_;_;_;_;_;@nat1989f-word#@nat1989f#1845.593#1845.883
408;ааа;аа;INTJ;_;_;_;_;_;@nat1989f-word#@nat1989f#1845.883#1846.173
409;накопилось;накопиться;VERB;_;Aspect=Perf|Gender=Neut|Mood=Ind|Number=Sing|Tense=Past|VerbForm=Fin|Voice=Mid;_;_;_;@nat1989f-word#@nat1989f#1846.173#1846.463
410;очень;очень;ADV;_;Degree=Pos;_;_;_;@nat1989f-word#@nat1989f#1846.463#1846.753
411;много;много;ADV;_;Degree=Pos;_;_;_;@nat1989f-word#@nat1989f#1846.753#1847.043
412;всего;все;PRON;_;Animacy=Inan|Case=Gen|Gender=Neut|Number=Sing;_;_;_;@nat1989f-word#@nat1989f#1847.043#1847.333
413;но;но;CCONJ;_;_;_;_;_;@nat1989f-word#@nat1989f#1847.333#1847.623
414;нету;нет;VERB;_;Aspect=Imp|Mood=Ind|Number=Sing|Person=3|Tense=Pres|VerbForm=Fin|Voice=Act;_;_;_;@nat1989f-word#@nat1989f#1847.623#1847.913
415;/;/;PUNCT;_;_;_;_;_;@nat1989f-word#@nat1989f#1847.913#1848.203
416;нету;нет;VERB;_;Aspect=Imp|Mood=Ind|Number=Sing|Person=3|Tense=Pres|VerbForm=Fin|Voice=Act;_;_;_;@nat1989f-word#@nat1989f#1848.203#1848.493
417;каких-то;какой-то;DET;_;Case=Gen|Number=Plur;_;_;_;@nat1989f-word#@nat1989f#1848.493#1848.783
418;конкретных;конкретный;ADJ;_;Case=Gen|Degree=Pos|Number=Plur;_;_;_;@nat1989f-word#@nat1989f#1848.783#1849.073
419;причин;причина;NOUN;_;Animacy=Inan|Case=Gen|Gender=Fem|Number=Plur;_;_;_;@nat1989f-word#@nat1989f#1849.073#1849.363
420;/;/;PUNCT;_;_;_;_;_;@nat1989f-word#@nat1989f#1849.363#1849.653
421;мы;мы;PRON;_;Case=Nom|Number=Plur|Person=1;_;_;_;@nat1989f-word#@nat1989f#1849.653#1849.943
422;решили;решить;VERB;_;Aspect=Perf|Mood=Ind|Number=Plur|Tense=Past|VerbForm=Fin|Voice=Act;_;_;_;@nat1989f-word#@nat1989f#1849.943#1850.233
423;в;в;ADP;_;_;_;_;_;@nat1989f-word#@nat1989f#1850.233#1850.523
424;какой-то;какой-то;DET;_;Case=Acc|Gender=Masc|Number=Sing;_;_;_;@nat1989f-word#@nat1989f#1850.523#1850.813
425;момент;момент;NOUN;_;Animacy=Inan|Case=Acc|Gender=Masc|Number=Sing;_;_;_;@nat1989f-word#@nat1989f#1850.813#1851.103
426;вот;вот;PART;_;_;_;_;_;@nat1989f-word#@nat1989f#1851.103#1851.393
427;/;/;PUNCT;_;_;_;_;_;@nat1989f-word#@nat1989f#1851.393#1851.683
428;что;что;SCONJ;_;_;_;_;_;@nat1989f-word#@nat1989f#1851.683#1851.973
429;/;/;PUNCT;_;_;_;_;_;@nat1989f-word#@nat1989f#1851.973#1852.263
430;мы;мы;PRON;_;Case=Nom|Number=Plur|Person=1;_;_;_;@nat1989f-word#@nat1989f#1852.263#1852.553
431;должны;должен;ADJ;_;Degree=Pos|Number=Plur|Variant=Short;_;_;_;@nat1989f-word#@nat1989f#1852.553#1852.843
432;/;/;PUNCT;_;_;_;_;_;@nat1989f-word#@nat1989f#1852.843#1853.133
433;преследовать;преследовать;VERB;_;Aspect=Imp|VerbForm=Inf|Voice=Act;_;_;_;@nat1989f-word#@nat1989f#1853.133#1853.423
434;наши;наш;DET;_;Case=Acc|Number=Plur;_;_;_;@nat1989f-word#@nat1989f#1853.423#1853.713
435;собственные;собственный;ADJ;_;Animacy=Inan|Case=Acc|Degree=Pos|Number=Plur;_;_;_;@nat1989f-word#@nat1989f#1853.713#1854.003
436;/;/;PUNCT;_;_;_;_;_;@nat1989f-word#@nat1989f#1854.003#1854.293
437;творческие;творческий;ADJ;_;Animacy=Inan|Case=Acc|Degree=Pos|Number=Plur;_;_;_;@nat1989f-word#@nat1989f#1854.293#1854.583
438;и;и;CCONJ;_;_;_;_;_;@nat1989f-word#@nat1989f#1854.583#1854.873
439;и;и;CCONJ;_;_;_;_;_;@nat1989f-word#@nat1989f#1854.873#1855.163
440;эм;эм;INTJ;_;_;_;_;_;@nat1989f-word#@nat1989f#1855.163#1855.453
441;/;/;PUNCT;_;_;_;_;_;@nat1989f-word#@nat1989f#1855.453#1855.743
442;личные;личный;ADJ;_;Animacy=Inan|Case=Acc|Degree=Pos|Number=Plur;_;_;_;@nat1989f-word#@nat1989f#1855.743#1856.033
443;пути;путь;NOUN;_;Animacy=Inan|Case=Acc|Gender=Masc|Number=Plur;_;_;_;@nat1989f-word#@nat1989f#1856.033#1856.323
444;/;/;PUNCT;_;_;_;_;_;@nat1989f-word#@nat1989f#1856.323#1856.613
445;но;но;CCONJ;_;_;_;_;_;@nat1989f-word#@nat1989f#1856.613#1856.903
446;мы;мы;PRON;_;Case=Nom|Number=Plur|Person=1;_;_;_;@nat1989f-word#@nat1989f#1856.903#1857.193
447;/;/;PUNCT;_;_;_;_;_;@nat1989f-word#@nat1989f#1857.193#1857.483
448;сотрудничаем;сотрудничать;VERB;_;Aspect=Imp|Mood=Ind|Number=Plur|Person=1|Tense=Pres|VerbForm=Fin|Voice=Act;_;_;_;@nat1989f-word#@nat1989f#1857.483#1857.773
449;/;/;PUNCT;_;_;_;_;_;@nat1989f-word#@nat1989f#1857.773#1858.063
450;вместе;вместе;ADV;_;Degree=Pos;_;_;_;@nat1989f-word#@nat1989f#1858.063#1858.353
451;с;с;ADP;_;_;_;_;_;@nat1989f-word#@nat1989f#1858.353#1858.643
452;ну;ну;PART;_;_;_;_;_;@nat1989f-word#@nat1989f#1858.643#1858.933
453;Петя;Петя;PROPN;_;Animacy=Anim|Case=Nom|Gender=Masc|Number=Sing;_;_;_;@nat1989f-word#@nat1989f#1858.933#1859.223
454;это;это;PRON;_;Animacy=Inan|Case=Nom|Gender=Neut|Number=Sing;_;_;_;@nat1989f-word#@nat1989f#1859.223#1859.513
455;всё;все;PRON;_;Animacy=Inan|Case=Nom|Gender=Neut|Number=Sing;_;_;_;@nat1989f-word#@nat1989f#1859.513#1859.803
456;равно;равный;ADJ;_;Degree=Pos|Gender=Neut|Number=Sing|Variant=Short;_;_;_;@nat1989f-word#@nat1989f#1859.803#1860.093
457;/;/;PUNCT;_;_;_;_;_;@nat1989f-word#@nat1989f#1860.093#1860.383
458;до;до;ADP;_;_;_;_;_;@nat1989f-word#@nat1989f#1860.383#1860.673
459;сих;сей;DET;_;Case=Gen|Number=Plur;_;_;_;@nat1989f-word#@nat1989f#1860.673#1860.963
460;пор;пора;NOUN;_;Animacy=Inan|Case=Gen|Gender=Fem|Number=Plur;_;_;_;@nat1989f-word#@nat1989f#1860.963#1861.253
461;мой;мой;DET;_;Case=Nom|Gender=Masc|Number=Sing;_;_;_;@nat1989f-word#@nat1989f#1861.253#1861.543
462;/;/;PUNCT;_;_;_;_;_;@nat1989f-word#@nat1989f#1861.543#1861.833
463;ближайший;ближайший;ADJ;_;Case=Nom|Degree=Sup|Gender=Masc|Number=Sing;_;_;_;@nat1989f-word#@nat1989f#1861.833#1862.123
464;друг;друг;NOUN;_;Animacy=Anim|Case=Nom|Gender=Masc|Number=Sing;_;_;_;@nat1989f-word#@nat1989f#1862.123#1862.413
465;/;/;PUNCT;_;_;_;_;_;@nat1989f-word#@nat1989f#1862.413#1862.703
466;и;и;CCONJ;_;_;_;_;_;@nat1989f-word#@nat1989f#1862.703#1863.037
467;не;не;PART;_;_;_;_;_;@nat1989f-word#@nat1989f#1863.463#1863.761
468;знаю;знать;VERB;_;Aspect=Imp|Mood=Ind|Number=Sing|Person=1|Tense=Pres|VerbForm=Fin|Voice=Act;_;_;_;@nat1989f-word#@nat1989f#1863.761#1864.059
469;/;/;PUNCT;_;_;_;_;_;@nat1989f-word#@nat1989f#1864.059#1864.357
470;но;но;CCONJ;_;_;_;_;_;@nat1989f-word#@nat1989f#1864.357#1864.655
471;я;я;PRON;_;Case=Nom|Number=Sing|Person=1;_;_;_;@nat1989f-word#@nat1989f#1864.655#1864.953
472;серьезно;серьезно;ADV;_;Degree=Pos;_;_;_;@nat1989f-word#@nat1989f#1864.953#1865.251
473;я;я;PRON;_;Case=Nom|Number=Sing|Person=1;_;_;_;@nat1989f-word#@nat1989f#1865.251#1865.549
474;сама;сам;ADJ;_;Case=Nom|Degree=Pos|Gender=Fem|Number=Sing;_;_;_;@nat1989f-word#@nat1989f#1865.549#1865.847
475;не;не;PART;_;_;_;_;_;@nat1989f-word#@nat1989f#1865.847#1866.145
476;нашла;найти;VERB;_;Aspect=Perf|Gender=Fem|Mood=Ind|Number=Sing|Tense=Past|VerbForm=Fin|Voice=Act;_;_;_;@nat1989f-word#@nat1989f#1866.145#1866.443
477;ответ;ответ;NOUN;_;Animacy=Inan|Case=Acc|Gender=Masc|Number=Sing;_;_;_;@nat1989f-word#@nat1989f#1866.443#1866.741
478;на;на;ADP;_;_;_;_;_;@nat1989f-word#@nat1989f#1866.741#1867.039
479;вопрос;вопрос;NOUN;_;Animacy=Inan|Case=Acc|Gender=Masc|Number=Sing;_;_;_;@nat1989f-word#@nat1989f#1867.039#1867.337
480;почему;почему;ADV;_;Degree=Pos;_;_;_;@nat1989f-word#@nat1989f#1867.337#1867.635
481;мы;мы;PRON;_;Case=Nom|Number=Plur|Person=1;_;_;_;@nat1989f-word#@nat1989f#1867.635#1867.933
482;/;/;PUNCT;_;_;_;_;_;@nat1989f-word#@nat1989f#1867.933#1868.231
483;решили;решить;VERB;_;Aspect=Perf|Mood=Ind|Number=Plur|Tense=Past|VerbForm=Fin|Voice=Act;_;_;_;@nat1989f-word#@nat1989f#1868.231#1868.529
484;разойтись;разойтись;VERB;_;Aspect=Perf|VerbForm=Inf|Voice=Mid;_;_;_;@nat1989f-word#@nat1989f#1868.529#1868.827
485;это;это;PRON;_;Animacy=Inan|Case=Nom|Gender=Neut|Number=Sing;_;_;_;@nat1989f-word#@nat1989f#1868.827#1869.125
486;просто;просто;PART;_;_;_;_;_;@nat1989f-word#@nat1989f#1869.125#1869.423
487;как-то;как-то;SCONJ;_;_;_;_;_;@nat1989f-word#@nat1989f#1869.423#1869.721
488;/;/;PUNCT;_;_;_;_;_;@nat1989f-word#@nat1989f#1869.721#1869.962
489;естественно;естественно;ADV;_;Degree=Pos;_;_;_;@nat1989f-word#@nat1989f#1869.962#1870.019
490;вышло;выйти;VERB;_;Aspect=Perf|Gender=Neut|Mood=Ind|Number=Sing|Tense=Past|VerbForm=Fin|Voice=Act;_;_;_;@nat1989f-word#@nat1989f#1870.019#1870.333
491;ну;ну;PART;_;_;_;_;_;@nat1989f-word#@nat1989f#1870.87#1871.155
492;не;не;PART;_;_;_;_;_;@nat1989f-word#@nat1989f#1871.155#1871.44
493;знаю;знать;VERB;_;Aspect=Imp|Mood=Ind|Number=Sing|Person=1|Tense=Pres|VerbForm=Fin|Voice=Act;_;_;_;@nat1989f-word#@nat1989f#1871.44#1871.725
494;может;мочь;VERB;_;Aspect=Imp|Mood=Ind|Number=Sing|Person=3|Tense=Pres|VerbForm=Fin|Voice=Act;_;_;_;@nat1989f-word#@nat1989f#1871.725#1872.01
495;быть;быть;AUX;_;Aspect=Imp|VerbForm=Inf|Voice=Act;_;_;_;@nat1989f-word#@nat1989f#1872.01#1872.295
496;мы;мы;PRON;_;Case=Nom|Number=Plur|Person=1;_;_;_;@nat1989f-word#@nat1989f#1872.295#1872.58
497;поняли;понять;VERB;_;Aspect=Perf|Mood=Ind|Number=Plur|Tense=Past|VerbForm=Fin|Voice=Act;_;_;_;@nat1989f-word#@nat1989f#1872.58#1872.865
498;то;то;SCONJ;_;_;_;_;_;@nat1989f-word#@nat1989f#1872.865#1873.15
499;что;что;SCONJ;_;_;_;_;_;@nat1989f-word#@nat1989f#1873.15#1873.435
500;мы;мы;PRON;_;Case=Nom|Number=Plur|Person=1;_;_;_;@nat1989f-word#@nat1989f#1873.435#1873.72
501;друг;друг;NOUN;_;Animacy=Anim|Case=Nom|Gender=Masc|Number=Sing;_;_;_;@nat1989f-word#@nat1989f#1873.72#1874.005
502;друга;друг;NOUN;_;Animacy=Anim|Case=Acc|Gender=Masc|Number=Sing;_;_;_;@nat1989f-word#@nat1989f#1874.005#1874.29
503;развили;развить;VERB;_;Aspect=Perf|Mood=Ind|Number=Plur|Tense=Past|VerbForm=Fin|Voice=Act;_;_;_;@nat1989f-word#@nat1989f#1874.29#1874.575
504;/;/;PUNCT;_;_;_;_;_;@nat1989f-word#@nat1989f#1874.575#1874.86
505;достаточно;достаточно;ADV;_;Degree=Pos;_;_;_;@nat1989f-word#@nat1989f#1874.86#1875.145
506;/;/;PUNCT;_;_;_;_;_;@nat1989f-word#@nat1989f#1875.145#1875.43
507;и;и;CCONJ;_;_;_;_;_;@nat1989f-word#@nat1989f#1875.43#1875.715
508;дальше;далее;ADV;_;Degree=Cmp;_;_;_;@nat1989f-word#@nat1989f#1875.715#1876.0
509;нам;мы;PRON;_;Case=Dat|Number=Plur|Person=1;_;_;_;@nat1989f-word#@nat1989f#1876.0#1876.285
510;нужно;нужный;ADJ;_;Degree=Pos|Gender=Neut|Number=Sing|Variant=Short;_;_;_;@nat1989f-word#@nat1989f#1876.285#1876.57
511;что-то;что-то;PRON;_;Case=Acc;_;_;_;@nat1989f-word#@nat1989f#1876.57#1876.855
512;самим;сам;ADJ;_;Case=Dat|Degree=Pos|Number=Plur;_;_;_;@nat1989f-word#@nat1989f#1876.855#1877.14
513;искать;искать;VERB;_;Aspect=Imp|VerbForm=Inf|Voice=Act;_;_;_;@nat1989f-word#@nat1989f#1877.14#1877.444
514;да;да;PART;_;_;_;_;_;@nat1989f-word#@nat1989f#1881.055#1881.382
515;нет;нет;PART;_;_;_;_;_;@nat1989f-word#@nat1989f#1881.382#1881.709
516;нет;нет;PART;_;_;_;_;_;@nat1989f-word#@nat1989f#1881.709#1882.037
517;ну;ну;PART;_;_;_;_;_;@nat1989f-word#@nat1989f#1882.425#1882.735
518;/;/;PUNCT;_;_;_;_;_;@nat1989f-word#@nat1989f#1882.735#1883.045
519;на;на;ADP;_;_;_;_;_;@nat1989f-word#@nat1989f#1883.045#1883.355
520;деле;дело;NOUN;_;Animacy=Inan|Case=Loc|Gender=Neut|Number=Sing;_;_;_;@nat1989f-word#@nat1989f#1883.355#1883.665
521;мы;мы;PRON;_;Case=Nom|Number=Plur|Person=1;_;_;_;@nat1989f-word#@nat1989f#1883.665#1883.975
522;просто;просто;PART;_;_;_;_;_;@nat1989f-word#@nat1989f#1883.975#1884.285
523;занимались;заниматься;VERB;_;Aspect=Imp|Mood=Ind|Number=Plur|Tense=Past|VerbForm=Fin|Voice=Mid;_;_;_;@nat1989f-word#@nat1989f#1884.285#1884.595
524;разными;разный;ADJ;_;Case=Ins|Degree=Pos|Number=Plur;_;_;_;@nat1989f-word#@nat1989f#1884.595#1884.905
525;вещами;вещь;NOUN;_;Animacy=Inan|Case=Ins|Gender=Fem|Number=Plur;_;_;_;@nat1989f-word#@nat1989f#1884.905#1885.215
526;потом;потом;ADV;_;Degree=Pos;_;_;_;@nat1989f-word#@nat1989f#1885.215#1885.525
527;в;в;ADP;_;_;_;_;_;@nat1989f-word#@nat1989f#1885.525#1885.835
528;какой-то;какой-то;DET;_;Case=Acc|Gender=Masc|Number=Sing;_;_;_;@nat1989f-word#@nat1989f#1885.835#1886.145
529;момент;момент;NOUN;_;Animacy=Inan|Case=Acc|Gender=Masc|Number=Sing;_;_;_;@nat1989f-word#@nat1989f#1886.145#1886.463
530;я;я;PRON;_;Case=Nom|Number=Sing|Person=1;_;_;_;@nat1989f-word#@nat1989f#1886.981#1887.216
531;/;/;PUNCT;_;_;_;_;_;@nat1989f-word#@nat1989f#1887.216#1887.451
532;стала;стать;VERB;_;Aspect=Perf|Gender=Fem|Mood=Ind|Number=Sing|Tense=Past|VerbForm=Fin|Voice=Mid;_;_;_;@nat1989f-word#@nat1989f#1887.451#1887.686
533;больше;много;NUM;_;_;_;_;_;@nat1989f-word#@nat1989f#1887.686#1887.921
534;времени;время;NOUN;_;Animacy=Inan|Case=Gen|Gender=Neut|Number=Sing;_;_;_;@nat1989f-word#@nat1989f#1887.921#1888.156
535;проводить;проводить;VERB;_;Aspect=Imp|VerbForm=Inf|Voice=Act;_;_;_;@nat1989f-word#@nat1989f#1888.156#1888.391
536;/;/;PUNCT;_;_;_;_;_;@nat1989f-word#@nat1989f#1888.391#1888.626
537;в;в;ADP;_;_;_;_;_;@nat1989f-word#@nat1989f#1888.626#1888.861
538;Лос-Анджелесе;Лос-Анджелес;PROPN;_;Animacy=Inan|Case=Loc|Gender=Masc|Number=Sing;_;_;_;@nat1989f-word#@nat1989f#1888.861#1889.096
539;потому;потому;ADV;_;Degree=Pos;_;_;_;@nat1989f-word#@nat1989f#1889.096#1889.331
540;что;что;SCONJ;_;_;_;_;_;@nat1989f-word#@nat1989f#1889.331#1889.566
541;у;у;ADP;_;_;_;_;_;@nat1989f-word#@nat1989f#1889.566#1889.801
542;меня;я;PRON;_;Case=Gen|Number=Sing|Person=1;_;_;_;@nat1989f-word#@nat1989f#1889.801#1890.036
543;был;быть;VERB;_;Aspect=Imp|Gender=Masc|Mood=Ind|Number=Sing|Tense=Past|VerbForm=Fin|Voice=Act;_;_;_;@nat1989f-word#@nat1989f#1890.036#1890.271
544;год;год;NOUN;_;Animacy=Inan|Case=Nom|Gender=Masc|Number=Sing;_;_;_;@nat1989f-word#@nat1989f#1890.271#1890.506
545;когда;когда;SCONJ;_;_;_;_;_;@nat1989f-word#@nat1989f#1890.506#1890.741
546;я;я;PRON;_;Case=Nom|Number=Sing|Person=1;_;_;_;@nat1989f-word#@nat1989f#1890.741#1890.976
547;вообще;вообще;ADV;_;Degree=Pos;_;_;_;@nat1989f-word#@nat1989f#1890.976#1891.211
548;очень;очень;ADV;_;Degree=Pos;_;_;_;@nat1989f-word#@nat1989f#1891.211#1891.446
549;много;много;ADV;_;Degree=Pos;_;_;_;@nat1989f-word#@nat1989f#1891.446#1891.681
550;времени;время;NOUN;_;Animacy=Inan|Case=Gen|Gender=Neut|Number=Sing;_;_;_;@nat1989f-word#@nat1989f#1891.681#1891.916
551;там;там;ADV;_;Degree=Pos;_;_;_;@nat1989f-word#@nat1989f#1891.916#1892.151
552;проводила;проводить;VERB;_;Aspect=Imp|Gender=Fem|Mood=Ind|Number=Sing|Tense=Past|VerbForm=Fin|Voice=Act;_;_;_;@nat1989f-word#@nat1989f#1892.151#1892.407
553;ну;ну;PART;_;_;_;_;_;@nat1989f-word#@nat1989f#1893.166#1893.42
554;и;и;CCONJ;_;_;_;_;_;@nat1989f-word#@nat1989f#1893.42#1893.674
555;и;и;PART;_;_;_;_;_;@nat1989f-word#@nat1989f#1893.674#1893.928
556;мне;я;PRON;_;Case=Dat|Number=Sing|Person=1;_;_;_;@nat1989f-word#@nat1989f#1893.928#1894.182
557;было;быть;AUX;_;Aspect=Imp|Gender=Neut|Mood=Ind|Number=Sing|Tense=Past|VerbForm=Fin|Voice=Act;_;_;_;@nat1989f-word#@nat1989f#1894.182#1894.436
558;интересно;интересный;ADJ;_;Degree=Pos|Gender=Neut|Number=Sing|Variant=Short;_;_;_;@nat1989f-word#@nat1989f#1894.436#1894.69
559;как-то;как-то;ADV;_;Degree=Pos;_;_;_;@nat1989f-word#@nat1989f#1894.69#1894.944
560;вот;вот;PART;_;_;_;_;_;@nat1989f-word#@nat1989f#1894.944#1895.198
561;/;/;PUNCT;_;_;_;_;_;@nat1989f-word#@nat1989f#1895.198#1895.452
562;в;в;ADP;_;_;_;_;_;@nat1989f-word#@nat1989f#1895.452#1895.706
563;эту;этот;DET;_;Case=Acc|Gender=Fem|Number=Sing;_;_;_;@nat1989f-word#@nat1989f#1895.706#1895.96
564;культуру;культура;NOUN;_;Animacy=Inan|Case=Acc|Gender=Fem|Number=Sing;_;_;_;@nat1989f-word#@nat1989f#1895.96#1896.214
565;всю;весь;DET;_;Case=Acc|Gender=Fem|Number=Sing;_;_;_;@nat1989f-word#@nat1989f#1896.214#1896.468
566;/;/;PUNCT;_;_;_;_;_;@nat1989f-word#@nat1989f#1896.468#1896.722
567;по...;по...;X;_;_;_;_;_;@nat1989f-word#@nat1989f#1896.722#1896.976
568;погрузится;погрузиться;VERB;_;Aspect=Perf|Mood=Ind|Number=Sing|Person=3|Tense=Fut|VerbForm=Fin|Voice=Mid;_;_;_;@nat1989f-word#@nat1989f#1896.976#1897.23
569;для;для;ADP;_;_;_;_;_;@nat1989f-word#@nat1989f#1897.23#1897.484
570;того;то;PRON;_;Animacy=Inan|Case=Gen|Gender=Neut|Number=Sing;_;_;_;@nat1989f-word#@nat1989f#1897.484#1897.738
571;чтобы;чтобы;SCONJ;_;Mood=Cnd;_;_;_;@nat1989f-word#@nat1989f#1897.738#1897.992
572;понять;понять;VERB;_;Aspect=Perf|VerbForm=Inf|Voice=Act;_;_;_;@nat1989f-word#@nat1989f#1897.992#1898.246
573;всё-таки;всё-таки;PART;_;_;_;_;_;@nat1989f-word#@nat1989f#1898.246#1898.5
574;что;что;PRON;_;Case=Nom;_;_;_;@nat1989f-word#@nat1989f#1898.5#1898.754
575;такое;такой;DET;_;Case=Nom|Gender=Neut|Number=Sing;_;_;_;@nat1989f-word#@nat1989f#1898.754#1899.008
576;панк;панк;NOUN;_;Animacy=Inan|Case=Nom|Gender=Masc|Number=Sing;_;_;_;@nat1989f-word#@nat1989f#1899.008#1899.262
577;/;/;PUNCT;_;_;_;_;_;@nat1989f-word#@nat1989f#1899.262#1899.516
578;потому;потому;ADV;_;Degree=Pos;_;_;_;@nat1989f-word#@nat1989f#1899.516#1899.77
579;что;что;SCONJ;_;_;_;_;_;@nat1989f-word#@nat1989f#1899.77#1900.024
580;мне;я;PRON;_;Case=Dat|Number=Sing|Person=1;_;_;_;@nat1989f-word#@nat1989f#1900.024#1900.278
581;хотелось;хотеться;VERB;_;Aspect=Imp|Gender=Neut|Mood=Ind|Number=Sing|Tense=Past|VerbForm=Fin|Voice=Mid;_;_;_;@nat1989f-word#@nat1989f#1900.278#1900.532
582;узнать;узнать;VERB;_;Aspect=Perf|VerbForm=Inf|Voice=Act;_;_;_;@nat1989f-word#@nat1989f#1900.532#1900.786
583;а;о;CCONJ;_;_;_;_;_;@nat1989f-word#@nat1989f#1900.786#1901.04
584;/;/;PUNCT;_;_;_;_;_;@nat1989f-word#@nat1989f#1901.04#1901.294
585;что;что;PRON;_;Case=Nom;_;_;_;@nat1989f-word#@nat1989f#1901.294#1901.548
586;такое;такой;DET;_;Case=Nom|Gender=Neut|Number=Sing;_;_;_;@nat1989f-word#@nat1989f#1901.548#1901.814
587;э;эээ;INTJ;_;_;_;_;_;@nat1989f-word#@nat1989f#1902.148#1902.416
588;энтертеймент;энтертеймент;NOUN;_;Animacy=Inan|Case=Acc|Gender=Masc|Number=Sing;_;_;_;@nat1989f-word#@nat1989f#1902.416#1902.684
589;индустрия;индустрия;NOUN;_;Animacy=Inan|Case=Gen|Gender=Masc|Number=Sing;_;_;_;@nat1989f-word#@nat1989f#1902.684#1902.952
590;/;/;PUNCT;_;_;_;_;_;@nat1989f-word#@nat1989f#1902.952#1903.22
591;для;для;ADP;_;_;_;_;_;@nat1989f-word#@nat1989f#1903.22#1903.488
592;того;то;PRON;_;Animacy=Inan|Case=Gen|Gender=Neut|Number=Sing;_;_;_;@nat1989f-word#@nat1989f#1903.488#1903.756
593;чтоб;чтобы;SCONJ;_;Mood=Cnd;_;_;_;@nat1989f-word#@nat1989f#1903.756#1904.024
594;осознать;осознать;VERB;_;Aspect=Perf|VerbForm=Inf|Voice=Act;_;_;_;@nat1989f-word#@nat1989f#1904.024#1904.292
595;каким;какой;DET;_;Case=Ins|Gender=Masc|Number=Sing;_;_;_;@nat1989f-word#@nat1989f#1904.292#1904.56
596;может;мочь;VERB;_;Aspect=Imp|Mood=Ind|Number=Sing|Person=3|Tense=Pres|VerbForm=Fin|Voice=Act;_;_;_;@nat1989f-word#@nat1989f#1904.56#1904.828
597;быть;быть;VERB;_;Aspect=Imp|VerbForm=Inf|Voice=Act;_;_;_;@nat1989f-word#@nat1989f#1904.828#1905.096
598;современный;современный;ADJ;_;Animacy=Inan|Case=Acc|Degree=Pos|Gender=Masc|Number=Sing;_;_;_;@nat1989f-word#@nat1989f#1905.096#1905.364
599;панк;панк;NOUN;_;Animacy=Inan|Case=Acc|Gender=Masc|Number=Sing;_;_;_;@nat1989f-word#@nat1989f#1905.364#1905.632
600;/;/;PUNCT;_;_;_;_;_;@nat1989f-word#@nat1989f#1905.632#1905.9
601;у;у;ADP;_;_;_;_;_;@nat1989f-word#@nat1989f#1905.9#1906.168
602;меня;я;PRON;_;Case=Gen|Number=Sing|Person=1;_;_;_;@nat1989f-word#@nat1989f#1906.168#1906.436
603;был;быть;VERB;_;Aspect=Imp|Gender=Masc|Mood=Ind|Number=Sing|Tense=Past|VerbForm=Fin|Voice=Act;_;_;_;@nat1989f-word#@nat1989f#1906.436#1906.704
604;такой;такой;DET;_;Case=Nom|Gender=Masc|Number=Sing;_;_;_;@nat1989f-word#@nat1989f#1906.704#1906.972
605;проект;проект;NOUN;_;Animacy=Inan|Case=Nom|Gender=Masc|Number=Sing;_;_;_;@nat1989f-word#@nat1989f#1906.972#1907.24
606;ну;ну;PART;_;_;_;_;_;@nat1989f-word#@nat1989f#1907.74#1908.009
607;и;и;CCONJ;_;_;_;_;_;@nat1989f-word#@nat1989f#1908.009#1908.278
608;и;и;CCONJ;_;_;_;_;_;@nat1989f-word#@nat1989f#1908.278#1908.547
609;вот;вот;PART;_;_;_;_;_;@nat1989f-word#@nat1989f#1908.547#1908.816
610;/;/;PUNCT;_;_;_;_;_;@nat1989f-word#@nat1989f#1908.816#1909.085
611;и;и;CCONJ;_;_;_;_;_;@nat1989f-word#@nat1989f#1909.085#1909.354
612;мы;мы;PRON;_;Case=Nom|Number=Plur|Person=1;_;_;_;@nat1989f-word#@nat1989f#1909.354#1909.623
613;как-то;как-то;ADV;_;Degree=Pos;_;_;_;@nat1989f-word#@nat1989f#1909.623#1909.892
614;постепенно;постепенно;ADV;_;Degree=Pos;_;_;_;@nat1989f-word#@nat1989f#1909.892#1910.161
615;стали;стать;VERB;_;Aspect=Perf|Mood=Ind|Number=Plur|Tense=Past|VerbForm=Fin|Voice=Act;_;_;_;@nat1989f-word#@nat1989f#1910.161#1910.43
616;жить;жить;VERB;_;Aspect=Imp|VerbForm=Inf|Voice=Act;_;_;_;@nat1989f-word#@nat1989f#1910.43#1910.699
617;своими;свой;DET;_;Case=Ins|Number=Plur;_;_;_;@nat1989f-word#@nat1989f#1910.699#1910.968
618;/;/;PUNCT;_;_;_;_;_;@nat1989f-word#@nat1989f#1910.968#1911.237
619;жизнями;жизнь;NOUN;_;Animacy=Inan|Case=Ins|Gender=Fem|Number=Plur;_;_;_;@nat1989f-word#@nat1989f#1911.237#1911.518
620;да;да;INTJ;_;_;_;_;_;@nat1989f-word#@nat1989f#1918.129#1918.444
621;да;да;INTJ;_;_;_;_;_;@nat1989f-word#@nat1989f#1918.444#1918.759
622;да;да;INTJ;_;_;_;_;_;@nat1989f-word#@nat1989f#1918.759#1919.074
623;как;как;SCONJ;_;_;_;_;_;@nat1989f-word#@nat1989f#1922.592#1922.845
624;что;что;PRON;_;Case=Nom;_;_;_;@nat1989f-word#@nat1989f#1922.845#1923.098
625;?;?;PUNCT;_;_;_;_;_;@nat1989f-word#@nat1989f#1923.098#1923.351
626;а;а;CCONJ;_;_;_;_;_;@nat1989f-word#@nat1989f#1928.24#1928.548
627;любопытство;любопытство;NOUN;_;Animacy=Inan|Case=Nom|Gender=Neut|Number=Sing;_;_;_;@nat1989f-word#@nat1989f#1928.548#1928.856
628;конечно;конечно;ADV;_;Degree=Pos;_;_;_;@nat1989f-word#@nat1989f#1928.856#1929.164
629;же;же;PART;_;_;_;_;_;@nat1989f-word#@nat1989f#1929.164#1929.472
630;было;быть;AUX;_;Aspect=Imp|Gender=Neut|Mood=Ind|Number=Sing|Tense=Past|VerbForm=Fin|Voice=Act;_;_;_;@nat1989f-word#@nat1989f#1929.472#1929.78
631;/;/;PUNCT;_;_;_;_;_;@nat1989f-word#@nat1989f#1929.78#1930.088
632;но;но;CCONJ;_;_;_;_;_;@nat1989f-word#@nat1989f#1930.088#1930.396
633;ревности;ревность;NOUN;_;Animacy=Inan|Case=Gen|Gender=Fem|Number=Sing;_;_;_;@nat1989f-word#@nat1989f#1930.396#1930.704
634;нет;нет;VERB;_;Aspect=Imp|Mood=Ind|Number=Sing|Person=3|Tense=Pres|VerbForm=Fin|Voice=Act;_;_;_;@nat1989f-word#@nat1989f#1930.704#1931.012
635;потому;потому;ADV;_;Degree=Pos;_;_;_;@nat1989f-word#@nat1989f#1931.012#1931.32
636;что;что;SCONJ;_;_;_;_;_;@nat1989f-word#@nat1989f#1931.32#1931.629
637;ну;но;PART;_;_;_;_;_;@nat1989f-word#@nat1989f#1931.796#1932.093
638;для;для;ADP;_;_;_;_;_;@nat1989f-word#@nat1989f#1932.093#1932.39
639;меня;я;PRON;_;Case=Gen|Number=Sing|Person=1;_;_;_;@nat1989f-word#@nat1989f#1932.39#1932.687
640;Петя;Петя;PROPN;_;Animacy=Anim|Case=Nom|Gender=Masc|Number=Sing;_;_;_;@nat1989f-word#@nat1989f#1932.687#1932.984
641;/;/;PUNCT;_;_;_;_;_;@nat1989f-word#@nat1989f#1932.984#1933.281
642;в;в;ADP;_;_;_;_;_;@nat1989f-word#@nat1989f#1933.281#1933.578
643;это;этот;DET;_;Case=Acc|Gender=Neut|Number=Sing;_;_;_;@nat1989f-word#@nat1989f#1933.578#1933.875
644;время;время;NOUN;_;Animacy=Inan|Case=Acc|Gender=Neut|Number=Sing;_;_;_;@nat1989f-word#@nat1989f#1933.875#1934.172
645;сейчас;сейчас;ADV;_;Degree=Pos;_;_;_;@nat1989f-word#@nat1989f#1934.172#1934.469
646;уже;уже;ADV;_;Degree=Pos;_;_;_;@nat1989f-word#@nat1989f#1934.469#1934.766
647;как;как;SCONJ;_;_;_;_;_;@nat1989f-word#@nat1989f#1934.766#1935.063
648;брат;брат;NOUN;_;Animacy=Anim|Case=Nom|Gender=Masc|Number=Sing;_;_;_;@nat1989f-word#@nat1989f#1935.063#1935.37
649;ааа;аа;INTJ;_;_;_;_;_;@nat1989f-word#@nat1989f#1936.537#1936.746
650;но;но;CCONJ;_;_;_;_;_;@nat1989f-word#@nat1989f#1936.746#1936.955
651;мне;я;PRON;_;Case=Dat|Number=Sing|Person=1;_;_;_;@nat1989f-word#@nat1989f#1936.955#1937.164
652;всегда;всегда;ADV;_;Degree=Pos;_;_;_;@nat1989f-word#@nat1989f#1937.164#1937.373
653;было;быть;AUX;_;Aspect=Imp|Gender=Neut|Mood=Ind|Number=Sing|Tense=Past|VerbForm=Fin|Voice=Act;_;_;_;@nat1989f-word#@nat1989f#1937.373#1937.582
654;интересно;интересный;ADJ;_;Degree=Pos|Gender=Neut|Number=Sing|Variant=Short;_;_;_;@nat1989f-word#@nat1989f#1937.582#1937.791
655;конечно;конечно;ADV;_;Degree=Pos;_;_;_;@nat1989f-word#@nat1989f#1937.791#1938.0
656;/;/;PUNCT;_;_;_;_;_;@nat1989f-word#@nat1989f#1938.0#1938.209
657;да;да;INTJ;_;_;_;_;_;@nat1989f-word#@nat1989f#1938.209#1938.418
658;/;/;PUNCT;_;_;_;_;_;@nat1989f-word#@nat1989f#1938.418#1938.627
659;и;и;CCONJ;_;_;_;_;_;@nat1989f-word#@nat1989f#1938.627#1938.836
660;я;я;PRON;_;Case=Nom|Number=Sing|Person=1;_;_;_;@nat1989f-word#@nat1989f#1938.836#1939.045
661;/;/;PUNCT;_;_;_;_;_;@nat1989f-word#@nat1989f#1939.045#1939.254
662;мне;я;PRON;_;Case=Dat|Number=Sing|Person=1;_;_;_;@nat1989f-word#@nat1989f#1939.254#1939.463
663;очень;очень;ADV;_;Degree=Pos;_;_;_;@nat1989f-word#@nat1989f#1939.463#1939.672
664;было;быть;AUX;_;Aspect=Imp|Gender=Neut|Mood=Ind|Number=Sing|Tense=Past|VerbForm=Fin|Voice=Act;_;_;_;@nat1989f-word#@nat1989f#1939.672#1939.881
665;обидно;обидный;ADJ;_;Degree=Pos|Gender=Neut|Number=Sing|Variant=Short;_;_;_;@nat1989f-word#@nat1989f#1939.881#1940.09
666;то;то;PRON;_;Animacy=Inan|Case=Nom|Gender=Neut|Number=Sing;_;_;_;@nat1989f-word#@nat1989f#1940.09#1940.299
667;что;что;SCONJ;_;_;_;_;_;@nat1989f-word#@nat1989f#1940.299#1940.508
668;я;я;PRON;_;Case=Nom|Number=Sing|Person=1;_;_;_;@nat1989f-word#@nat1989f#1940.508#1940.717
669;её;она;PRON;_;Case=Gen|Gender=Fem|Number=Sing|Person=3;_;_;_;@nat1989f-word#@nat1989f#1940.717#1940.926
670;не;не;PART;_;_;_;_;_;@nat1989f-word#@nat1989f#1940.926#1941.135
671;знала;знать;VERB;_;Aspect=Imp|Gender=Fem|Mood=Ind|Number=Sing|Tense=Past|VerbForm=Fin|Voice=Act;_;_;_;@nat1989f-word#@nat1989f#1941.135#1941.344
672;раньше;ранее;ADV;_;Degree=Cmp;_;_;_;@nat1989f-word#@nat1989f#1941.344#1941.555
673;а;а;CCONJ;_;_;_;_;_;@nat1989f-word#@nat1989f#1941.944#1942.189
674;мне;я;PRON;_;Case=Dat|Number=Sing|Person=1;_;_;_;@nat1989f-word#@nat1989f#1942.189#1942.434
675;кажется;казаться;VERB;_;Aspect=Imp|Mood=Ind|Number=Sing|Person=3|Tense=Pres|VerbForm=Fin|Voice=Mid;_;_;_;@nat1989f-word#@nat1989f#1942.434#1942.679
676;что;что;SCONJ;_;_;_;_;_;@nat1989f-word#@nat1989f#1942.679#1942.924
677;в;в;ADP;_;_;_;_;_;@nat1989f-word#@nat1989f#1942.924#1943.169
678;основном;основное;ADJ;_;Case=Loc|Degree=Pos|Gender=Neut|Number=Sing;_;_;_;@nat1989f-word#@nat1989f#1943.169#1943.414
679;ответственен;ответственный;ADJ;_;Degree=Pos|Gender=Masc|Number=Sing|Variant=Short;_;_;_;@nat1989f-word#@nat1989f#1943.414#1943.659
680;за;за;ADP;_;_;_;_;_;@nat1989f-word#@nat1989f#1943.659#1943.904
681;то;то;SCONJ;_;_;_;_;_;@nat1989f-word#@nat1989f#1943.904#1944.149
682;что;что;PRON;_;Case=Nom;_;_;_;@nat1989f-word#@nat1989f#1944.149#1944.394
683;/;/;PUNCT;_;_;_;_;_;@nat1989f-word#@nat1989f#1944.394#1944.639
684;а;а;INTJ;_;_;_;_;_;@nat1989f-word#@nat1989f#1944.639#1944.884
685;эм;эм;INTJ;_;_;_;_;_;@nat1989f-word#@nat1989f#1944.884#1945.129
686;мы;мы;PRON;_;Case=Nom|Number=Plur|Person=1;_;_;_;@nat1989f-word#@nat1989f#1945.129#1945.374
687;не;не;PART;_;_;_;_;_;@nat1989f-word#@nat1989f#1945.374#1945.619
688;были;быть;AUX;_;Aspect=Imp|Mood=Ind|Number=Plur|Tense=Past|VerbForm=Fin|Voice=Act;_;_;_;@nat1989f-word#@nat1989f#1945.619#1945.864
689;знакомы;знакомый;NOUN;_;Animacy=Inan|Case=Nom|Gender=Masc|Number=Plur;_;_;_;@nat1989f-word#@nat1989f#1945.864#1946.109
690;именно;именно;PART;_;_;_;_;_;@nat1989f-word#@nat1989f#1946.109#1946.354
691;Петя;Петя;PROPN;_;Animacy=Anim|Case=Nom|Gender=Masc|Number=Sing;_;_;_;@nat1989f-word#@nat1989f#1946.354#1946.599
692;/;/;PUNCT;_;_;_;_;_;@nat1989f-word#@nat1989f#1946.599#1946.844
693;потому;потому;ADV;_;Degree=Pos;_;_;_;@nat1989f-word#@nat1989f#1946.844#1947.089
694;что;что;SCONJ;_;_;_;_;_;@nat1989f-word#@nat1989f#1947.089#1947.334
695;он;он;PRON;_;Case=Nom|Gender=Masc|Number=Sing|Person=3;_;_;_;@nat1989f-word#@nat1989f#1947.334#1947.579
696;/;/;PUNCT;_;_;_;_;_;@nat1989f-word#@nat1989f#1947.579#1947.824
697;очень;очень;ADV;_;Degree=Pos;_;_;_;@nat1989f-word#@nat1989f#1947.824#1948.069
698;боялся;бояться;VERB;_;Aspect=Imp|Gender=Masc|Mood=Ind|Number=Sing|Tense=Past|VerbForm=Fin|Voice=Mid;_;_;_;@nat1989f-word#@nat1989f#1948.069#1948.314
699;ранить;ранить;VERB;_;Aspect=Perf|VerbForm=Inf|Voice=Act;_;_;_;@nat1989f-word#@nat1989f#1948.314#1948.559
700;Нику;Ника;PROPN;_;Animacy=Inan|Case=Acc|Gender=Fem|Number=Sing;_;_;_;@nat1989f-word#@nat1989f#1948.559#1948.804
701;как-то;как-то;ADV;_;Degree=Pos;_;_;_;@nat1989f-word#@nat1989f#1948.804#1949.055
702;и;и;CCONJ;_;_;_;_;_;@nat1989f-word#@nat1989f#1949.463#1949.761
703;мне;я;PRON;_;Case=Dat|Number=Sing|Person=1;_;_;_;@nat1989f-word#@nat1989f#1949.761#1950.059
704;кажется;казаться;VERB;_;Aspect=Imp|Mood=Ind|Number=Sing|Person=3|Tense=Pres|VerbForm=Fin|Voice=Mid;_;_;_;@nat1989f-word#@nat1989f#1950.059#1950.357
705;он;он;PRON;_;Case=Nom|Gender=Masc|Number=Sing|Person=3;_;_;_;@nat1989f-word#@nat1989f#1950.357#1950.655
706;слишком;слишком;ADV;_;Degree=Pos;_;_;_;@nat1989f-word#@nat1989f#1950.655#1950.953
707;сильно;сильно;ADV;_;Degree=Pos;_;_;_;@nat1989f-word#@nat1989f#1950.953#1951.251
708;её;она;PRON;_;Case=Gen|Gender=Fem|Number=Sing|Person=3;_;_;_;@nat1989f-word#@nat1989f#1951.251#1951.555
709;ммм;мм;INTJ;_;_;_;_;_;@nat1989f-word#@nat1989f#1951.833#1952.777
710;ну;ну;PART;_;_;_;_;_;@nat1989f-word#@nat1989f#1952.777#1953.721
711;/;/;PUNCT;_;_;_;_;_;@nat1989f-word#@nat1989f#1953.721#1954.665
712;overprotection;overprotection;X;_;_;_;_;_;@nat1989f-word#@nat1989f#1954.665#1955.611
713;то;то;PRON;_;Animacy=Inan|Case=Nom|Gender=Neut|Number=Sing;_;_;_;@nat1989f-word#@nat1989f#1955.888#1956.084
714;есть;быть;VERB;_;Aspect=Imp|Mood=Ind|Number=Sing|Person=3|Tense=Pres|VerbForm=Fin|Voice=Act;_;_;_;@nat1989f-word#@nat1989f#1956.084#1956.28
715;он;он;PRON;_;Case=Nom|Gender=Masc|Number=Sing|Person=3;_;_;_;@nat1989f-word#@nat1989f#1956.28#1956.476
716;это;это;PRON;_;Animacy=Inan|Case=Acc|Gender=Neut|Number=Sing;_;_;_;@nat1989f-word#@nat1989f#1956.476#1956.672
717;как-то;как-то;ADV;_;Degree=Pos;_;_;_;@nat1989f-word#@nat1989f#1956.672#1956.868
718;слишком;слишком;ADV;_;Degree=Pos;_;_;_;@nat1989f-word#@nat1989f#1956.868#1957.064
719;сильно;сильно;ADV;_;Degree=Pos;_;_;_;@nat1989f-word#@nat1989f#1957.064#1957.26
720;её;она;PRON;_;Case=Acc|Gender=Fem|Number=Sing|Person=3;_;_;_;@nat1989f-word#@nat1989f#1957.26#1957.456
721;оберегал;оберегать;VERB;_;Aspect=Imp|Gender=Masc|Mood=Ind|Number=Sing|Tense=Past|VerbForm=Fin|Voice=Act;_;_;_;@nat1989f-word#@nat1989f#1957.456#1957.652
722;а;а;CCONJ;_;_;_;_;_;@nat1989f-word#@nat1989f#1957.652#1957.848
723;она;она;PRON;_;Case=Nom|Gender=Fem|Number=Sing|Person=3;_;_;_;@nat1989f-word#@nat1989f#1957.848#1958.044
724;оказалась;оказаться;VERB;_;Aspect=Perf|Gender=Fem|Mood=Ind|Number=Sing|Tense=Past|VerbForm=Fin|Voice=Mid;_;_;_;@nat1989f-word#@nat1989f#1958.044#1958.24
725;такой;такой;DET;_;Case=Ins|Gender=Fem|Number=Sing;_;_;_;@nat1989f-word#@nat1989f#1958.74#1959.058
726;/;/;PUNCT;_;_;_;_;_;@nat1989f-word#@nat1989f#1959.058#1959.376
727;а;а;CCONJ;_;_;_;_;_;@nat1989f-word#@nat1989f#1959.376#1959.694
728;/;/;PUNCT;_;_;_;_;_;@nat1989f-word#@nat1989f#1959.694#1960.012
729;пацанкой;пацанка;NOUN;_;Animacy=Anim|Case=Ins|Gender=Fem|Number=Sing;_;_;_;@nat1989f-word#@nat1989f#1960.012#1960.33
730;/;/;PUNCT;_;_;_;_;_;@nat1989f-word#@nat1989f#1960.33#1960.648
731;очень;очень;ADV;_;Degree=Pos;_;_;_;@nat1989f-word#@nat1989f#1960.648#1960.966
732;живой;живой;ADJ;_;Case=Nom|Degree=Pos|Gender=Masc|Number=Sing;_;_;_;@nat1989f-word#@nat1989f#1960.966#1961.284
733;/;/;PUNCT;_;_;_;_;_;@nat1989f-word#@nat1989f#1961.284#1961.602
734;а;а;INTJ;_;_;_;_;_;@nat1989f-word#@nat1989f#1961.602#1961.92
735;/;/;PUNCT;_;_;_;_;_;@nat1989f-word#@nat1989f#1961.92#1962.238
736;дерзкой;дерзка;NOUN;_;Animacy=Anim|Case=Ins|Gender=Fem|Number=Sing;_;_;_;@nat1989f-word#@nat1989f#1962.238#1962.556
737;/;/;PUNCT;_;_;_;_;_;@nat1989f-word#@nat1989f#1962.556#1962.874
738;а;а;INTJ;_;_;_;_;_;@nat1989f-word#@nat1989f#1962.874#1963.192
739;/;/;PUNCT;_;_;_;_;_;@nat1989f-word#@nat1989f#1963.192#1963.51
740;которая;который;PRON;_;Case=Nom;_;_;_;@nat1989f-word#@nat1989f#1963.51#1963.828
741;может;мочь;VERB;_;Aspect=Imp|Mood=Ind|Number=Sing|Person=3|Tense=Pres|VerbForm=Fin|Voice=Act;_;_;_;@nat1989f-word#@nat1989f#1963.828#1964.146
742;за;за;ADP;_;_;_;_;_;@nat1989f-word#@nat1989f#1964.146#1964.464
743;себя;себя;PRON;_;Case=Acc;_;_;_;@nat1989f-word#@nat1989f#1964.464#1964.782
744;постоять;стоять;VERB;_;Aspect=Perf|VerbForm=Inf|Voice=Act;_;_;_;@nat1989f-word#@nat1989f#1964.782#1965.1
745;и;и;PART;_;_;_;_;_;@nat1989f-word#@nat1989f#1965.1#1965.418
746;мне;я;PRON;_;Case=Dat|Number=Sing|Person=1;_;_;_;@nat1989f-word#@nat1989f#1965.418#1965.736
747;не;не;PART;_;_;_;_;_;@nat1989f-word#@nat1989f#1965.736#1966.054
748;было;быть;AUX;_;Aspect=Imp|Gender=Neut|Mood=Ind|Number=Sing|Tense=Past|VerbForm=Fin|Voice=Act;_;_;_;@nat1989f-word#@nat1989f#1966.054#1966.372
749;понятно;понятно;ADJ;_;Degree=Pos|Gender=Neut|Number=Sing|Variant=Short;_;_;_;@nat1989f-word#@nat1989f#1966.372#1966.69
750;почему;почему;ADV;_;Degree=Pos;_;_;_;@nat1989f-word#@nat1989f#1966.69#1967.008
751;нас;мы;PRON;_;Case=Acc|Number=Plur|Person=1;_;_;_;@nat1989f-word#@nat1989f#1967.008#1967.326
752;нельзя;нельзя;ADV;_;Degree=Pos;_;_;_;@nat1989f-word#@nat1989f#1967.326#1967.644
753;было;быть;AUX;_;Aspect=Imp|Gender=Neut|Mood=Ind|Number=Sing|Tense=Past|VerbForm=Fin|Voice=Act;_;_;_;@nat1989f-word#@nat1989f#1967.644#1967.962
754;раньше;ранее;ADV;_;Degree=Cmp;_;_;_;@nat1989f-word#@nat1989f#1967.962#1968.28
755;познакомить;знакомить;VERB;_;Aspect=Perf|VerbForm=Inf|Voice=Act;_;_;_;@nat1989f-word#@nat1989f#1968.28#1968.598
756;потому;потому;ADV;_;Degree=Pos;_;_;_;@nat1989f-word#@nat1989f#1968.598#1968.916
757;что;что;SCONJ;_;_;_;_;_;@nat1989f-word#@nat1989f#1968.916#1969.24
758;ааа;аа;INTJ;_;_;_;_;_;@nat1989f-word#@nat1989f#1969.907#1970.159
759;я;я;PRON;_;Case=Nom|Number=Sing|Person=1;_;_;_;@nat1989f-word#@nat1989f#1970.159#1970.411
760;выяснила;выяснить;VERB;_;Aspect=Perf|Gender=Fem|Mood=Ind|Number=Sing|Tense=Past|VerbForm=Fin|Voice=Act;_;_;_;@nat1989f-word#@nat1989f#1970.411#1970.663
761;в;в;ADP;_;_;_;_;_;@nat1989f-word#@nat1989f#1970.663#1970.915
762;какой-то;какой-то;DET;_;Case=Acc|Gender=Masc|Number=Sing;_;_;_;@nat1989f-word#@nat1989f#1970.915#1971.167
763;момент;момент;NOUN;_;Animacy=Inan|Case=Acc|Gender=Masc|Number=Sing;_;_;_;@nat1989f-word#@nat1989f#1971.167#1971.419
764;что;что;PRON;_;Case=Nom;_;_;_;@nat1989f-word#@nat1989f#1971.419#1971.671
765;/;/;PUNCT;_;_;_;_;_;@nat1989f-word#@nat1989f#1971.671#1971.923
766;вероятно;вероятно;ADV;_;Degree=Pos;_;_;_;@nat1989f-word#@nat1989f#1971.923#1972.175
767;у;у;ADP;_;_;_;_;_;@nat1989f-word#@nat1989f#1972.175#1972.427
768;нас;мы;PRON;_;Case=Gen|Number=Plur|Person=1;_;_;_;@nat1989f-word#@nat1989f#1972.427#1972.679
769;даже;даже;PART;_;_;_;_;_;@nat1989f-word#@nat1989f#1972.679#1972.931
770;больше;больше;ADV;_;Degree=Cmp;_;_;_;@nat1989f-word#@nat1989f#1972.931#1973.183
771;общего;общий;ADJ;_;Case=Gen|Degree=Pos|Gender=Neut|Number=Sing;_;_;_;@nat1989f-word#@nat1989f#1973.183#1973.435
772;просто;просто;PART;_;_;_;_;_;@nat1989f-word#@nat1989f#1973.435#1973.687
773;так;так;ADV;_;Degree=Pos;_;_;_;@nat1989f-word#@nat1989f#1973.687#1973.939
774;вот;вот;PART;_;_;_;_;_;@nat1989f-word#@nat1989f#1973.939#1974.191
775;/;/;PUNCT;_;_;_;_;_;@nat1989f-word#@nat1989f#1974.191#1974.443
776;по;по;ADP;_;_;_;_;_;@nat1989f-word#@nat1989f#1974.443#1974.695
777;/;/;PUNCT;_;_;_;_;_;@nat1989f-word#@nat1989f#1974.695#1974.947
778;темпераменту;темперамент;NOUN;_;Animacy=Inan|Case=Dat|Gender=Masc|Number=Sing;_;_;_;@nat1989f-word#@nat1989f#1974.947#1975.199
779;и;и;CCONJ;_;_;_;_;_;@nat1989f-word#@nat1989f#1975.199#1975.451
780;психотипу;психотип;NOUN;_;Animacy=Inan|Case=Dat|Gender=Masc|Number=Sing;_;_;_;@nat1989f-word#@nat1989f#1975.451#1975.703
781;чем;чем;SCONJ;_;_;_;_;_;@nat1989f-word#@nat1989f#1975.703#1975.955
782;вот;вот;PART;_;_;_;_;_;@nat1989f-word#@nat1989f#1975.955#1976.207
783;у;у;ADP;_;_;_;_;_;@nat1989f-word#@nat1989f#1976.207#1976.459
784;меня;я;PRON;_;Case=Gen|Number=Sing|Person=1;_;_;_;@nat1989f-word#@nat1989f#1976.459#1976.711
785;с;с;ADP;_;_;_;_;_;@nat1989f-word#@nat1989f#1976.711#1976.963
786;Петей;Петя;PROPN;_;Animacy=Anim|Case=Ins|Gender=Masc|Number=Sing;_;_;_;@nat1989f-word#@nat1989f#1976.963#1977.215
787;или;или;CCONJ;_;_;_;_;_;@nat1989f-word#@nat1989f#1977.215#1977.467
788;там;там;ADV;_;Degree=Pos;_;_;_;@nat1989f-word#@nat1989f#1977.467#1977.719
789;у;у;ADP;_;_;_;_;_;@nat1989f-word#@nat1989f#1977.719#1977.971
790;неё;она;PRON;_;Animacy=Inan|Case=Acc|Gender=Neut|Number=Sing;_;_;_;@nat1989f-word#@nat1989f#1977.971#1978.223
791;с;с;ADP;_;_;_;_;_;@nat1989f-word#@nat1989f#1978.223#1978.475
792;Петей;Петя;PROPN;_;Animacy=Anim|Case=Ins|Gender=Masc|Number=Sing;_;_;_;@nat1989f-word#@nat1989f#1978.475#1978.759
793;но;но;CCONJ;_;_;_;_;_;@nat1989f-word#@nat1989f#1979.333#1979.546
794;это;это;PRON;_;Animacy=Inan|Case=Nom|Gender=Neut|Number=Sing;_;_;_;@nat1989f-word#@nat1989f#1979.546#1979.759
795;логично;логично;ADJ;_;Degree=Pos|Gender=Neut|Number=Sing|Variant=Short;_;_;_;@nat1989f-word#@nat1989f#1979.759#1979.972
796;наверное;наверное;ADV;_;Degree=Pos;_;_;_;@nat1989f-word#@nat1989f#1979.972#1980.185
797;да;да;PART;_;_;_;_;_;@nat1989f-word#@nat1989f#1980.185#1980.398
798;потому;потому;ADV;_;Degree=Pos;_;_;_;@nat1989f-word#@nat1989f#1980.398#1980.611
799;что;что;SCONJ;_;_;_;_;_;@nat1989f-word#@nat1989f#1980.611#1980.824
800;/;/;PUNCT;_;_;_;_;_;@nat1989f-word#@nat1989f#1980.824#1981.037
801;ну;ну;PART;_;_;_;_;_;@nat1989f-word#@nat1989f#1981.037#1981.25
802;там;там;ADV;_;Degree=Pos;_;_;_;@nat1989f-word#@nat1989f#1981.25#1981.463
803;вот;вот;PART;_;_;_;_;_;@nat1989f-word#@nat1989f#1981.463#1981.676
804;выбирает;выбирать;VERB;_;Aspect=Imp|Mood=Ind|Number=Sing|Person=3|Tense=Pres|VerbForm=Fin|Voice=Act;_;_;_;@nat1989f-word#@nat1989f#1981.676#1981.889
805;себе;себя;PRON;_;Case=Dat;_;_;_;@nat1989f-word#@nat1989f#1981.889#1982.102
806;какой-то;какой-то;DET;_;Case=Acc|Gender=Masc|Number=Sing;_;_;_;@nat1989f-word#@nat1989f#1982.102#1982.315
807;типаж;типаж;NOUN;_;Animacy=Inan|Case=Acc|Gender=Masc|Number=Sing;_;_;_;@nat1989f-word#@nat1989f#1982.315#1982.537
808;ну;ну;PART;_;_;_;_;_;@nat1989f-word#@nat1989f#1983.0#1983.111
809;и;и;CCONJ;_;_;_;_;_;@nat1989f-word#@nat1989f#1983.111#1983.222
810;в;в;ADP;_;_;_;_;_;@nat1989f-word#@nat1989f#1983.222#1983.333
811;общем;общий;ADJ;_;Case=Loc|Degree=Pos|Gender=Masc|Number=Sing;_;_;_;@nat1989f-word#@nat1989f#1983.333#1983.444
812;да;да;INTJ;_;_;_;_;_;@nat1989f-word#@nat1989f#1983.444#1983.555
813;/;/;PUNCT;_;_;_;_;_;@nat1989f-word#@nat1989f#1983.555#1983.666
814;мы;мы;PRON;_;Case=Nom|Number=Plur|Person=1;_;_;_;@nat1989f-word#@nat1989f#1983.666#1983.777
815;как-то;как-то;ADV;_;Degree=Pos;_;_;_;@nat1989f-word#@nat1989f#1983.777#1983.888
816;подружились;подружиться;VERB;_;Aspect=Perf|Mood=Ind|Number=Plur|Tense=Past|VerbForm=Fin|Voice=Mid;_;_;_;@nat1989f-word#@nat1989f#1983.888#1984.0
817;ммм;мм;INTJ;_;_;_;_;_;@nat1989f-word#@nat1989f#1986.739#1987.002
818;/;/;PUNCT;_;_;_;_;_;@nat1989f-word#@nat1989f#1987.002#1987.265
819;здесь;здесь;ADV;_;Degree=Pos;_;_;_;@nat1989f-word#@nat1989f#1987.265#1987.528
820;в;в;ADP;_;_;_;_;_;@nat1989f-word#@nat1989f#1987.528#1987.791
821;москве;москва;NOUN;_;Animacy=Inan|Case=Loc|Gender=Neut|Number=Sing;_;_;_;@nat1989f-word#@nat1989f#1987.791#1988.058
822;ааа;аа;INTJ;_;_;_;_;_;@nat1989f-word#@nat1989f#1989.029#1990.024
823;/;/;PUNCT;_;_;_;_;_;@nat1989f-word#@nat1989f#1990.024#1991.019
824;#смех#;#смех#;X;_;_;_;_;_;@nat1989f-word#@nat1989f#1991.019#1992.014
825;она;она;PRON;_;Case=Nom|Gender=Fem|Number=Sing|Person=3;_;_;_;@nat1989f-word#@nat1989f#1992.521#1992.805
826;живет;жить;VERB;_;Aspect=Imp|Mood=Ind|Number=Sing|Person=3|Tense=Pres|VerbForm=Fin|Voice=Act;_;_;_;@nat1989f-word#@nat1989f#1992.805#1993.089
827;ааа;аа;INTJ;_;_;_;_;_;@nat1989f-word#@nat1989f#1993.089#1993.373
828;с;с;ADP;_;_;_;_;_;@nat1989f-word#@nat1989f#1993.373#1993.657
829;бабушкой;бабушка;NOUN;_;Animacy=Anim|Case=Ins|Gender=Fem|Number=Sing;_;_;_;@nat1989f-word#@nat1989f#1993.657#1993.941
830;и;и;CCONJ;_;_;_;_;_;@nat1989f-word#@nat1989f#1993.941#1994.225
831;со;с;ADP;_;_;_;_;_;@nat1989f-word#@nat1989f#1994.225#1994.509
832;мной;я;PRON;_;Case=Ins|Number=Sing|Person=1;_;_;_;@nat1989f-word#@nat1989f#1994.509#1994.797
833;угу;угу;INTJ;_;_;_;_;_;@nat1989f-word#@nat1989f#1995.869#1996.579
834;угу;угу;INTJ;_;_;_;_;_;@nat1989f-word#@nat1989f#1998.898#1999.463
835;ну;ну;PART;_;_;_;_;_;@nat1989f-word#@nat1989f#1999.536#1999.769
836;и;и;CCONJ;_;_;_;_;_;@nat1989f-word#@nat1989f#1999.769#2000.002
837;Петя;Петя;PROPN;_;Animacy=Anim|Case=Nom|Gender=Masc|Number=Sing;_;_;_;@nat1989f-word#@nat1989f#2000.002#2000.235
838;там;там;ADV;_;Degree=Pos;_;_;_;@nat1989f-word#@nat1989f#2000.235#2000.468
839;бывает;бывать;VERB;_;Aspect=Imp|Mood=Ind|Number=Sing|Person=3|Tense=Pres|VerbForm=Fin|Voice=Act;_;_;_;@nat1989f-word#@nat1989f#2000.468#2000.701
840;периодически;периодически;ADV;_;Degree=Pos;_;_;_;@nat1989f-word#@nat1989f#2000.701#2000.934
841;просто;просто;PART;_;_;_;_;_;@nat1989f-word#@nat1989f#2000.934#2001.167
842;у;у;ADP;_;_;_;_;_;@nat1989f-word#@nat1989f#2001.167#2001.4
843;нас;мы;PRON;_;Case=Gen|Number=Plur|Person=1;_;_;_;@nat1989f-word#@nat1989f#2001.4#2001.633
844;есть;быть;VERB;_;Aspect=Imp|Mood=Ind|Number=Sing|Person=3|Tense=Pres|VerbForm=Fin|Voice=Act;_;_;_;@nat1989f-word#@nat1989f#2001.633#2001.866
845;график;график;NOUN;_;Animacy=Inan|Case=Nom|Gender=Masc|Number=Sing;_;_;_;@nat1989f-word#@nat1989f#2001.866#2002.101
846;когда;когда;SCONJ;_;_;_;_;_;@nat1989f-word#@nat1989f#2002.434#2003.043
847;кто;кто;PRON;_;Case=Nom;_;_;_;@nat1989f-word#@nat1989f#2003.3#2003.513
848;там;там;ADV;_;Degree=Pos;_;_;_;@nat1989f-word#@nat1989f#2003.513#2003.726
849;живет;жить;VERB;_;Aspect=Imp|Mood=Ind|Number=Sing|Person=3|Tense=Pres|VerbForm=Fin|Voice=Act;_;_;_;@nat1989f-word#@nat1989f#2003.726#2003.939
850;/;/;PUNCT;_;_;_;_;_;@nat1989f-word#@nat1989f#2003.939#2004.152
851;из;из;ADP;_;_;_;_;_;@nat1989f-word#@nat1989f#2004.152#2004.365
852;нас;мы;PRON;_;Case=Gen|Number=Plur|Person=1;_;_;_;@nat1989f-word#@nat1989f#2004.365#2004.579
853;ей;она;PRON;_;Case=Dat|Gender=Fem|Number=Sing|Person=3;_;_;_;@nat1989f-word#@nat1989f#2005.971#2006.242
854;десять;десять;NUM;_;Case=Acc;_;_;_;@nat1989f-word#@nat1989f#2006.242#2006.513
855;/;/;PUNCT;_;_;_;_;_;@nat1989f-word#@nat1989f#2006.513#2006.784
856;да;да;CCONJ;_;_;_;_;_;@nat1989f-word#@nat1989f#2006.784#2007.058
857;конечно;конечно;ADV;_;Degree=Pos;_;_;_;@nat1989f-word#@nat1989f#2008.376#2008.63
858;/;/;PUNCT;_;_;_;_;_;@nat1989f-word#@nat1989f#2008.63#2008.884
859;у;у;ADP;_;_;_;_;_;@nat1989f-word#@nat1989f#2008.884#2009.138
860;неё;она;PRON;_;Case=Gen|Gender=Fem|Number=Sing|Person=3;_;_;_;@nat1989f-word#@nat1989f#2009.138#2009.392
861;давно;давно;ADV;_;Degree=Pos;_;_;_;@nat1989f-word#@nat1989f#2009.392#2009.646
862;есть;быть;VERB;_;Aspect=Imp|Mood=Ind|Number=Sing|Person=3|Tense=Pres|VerbForm=Fin|Voice=Act;_;_;_;@nat1989f-word#@nat1989f#2009.646#2009.9
863;смартфон;смартфон;NOUN;_;Animacy=Inan|Case=Nom|Gender=Masc|Number=Sing;_;_;_;@nat1989f-word#@nat1989f#2009.9#2010.159
864;ну;ну;PART;_;_;_;_;_;@nat1989f-word#@nat1989f#2014.708#2015.02
865;да;да;PART;_;_;_;_;_;@nat1989f-word#@nat1989f#2015.02#2015.333
866;слушай;слушать;VERB;_;Aspect=Imp|Mood=Imp|Number=Sing|Person=2|VerbForm=Fin|Voice=Act;_;_;_;@nat1989f-word#@nat1989f#2017.613#2017.848
867;не;не;PART;_;_;_;_;_;@nat1989f-word#@nat1989f#2017.848#2018.083
868;знаю;знать;VERB;_;Aspect=Imp|Mood=Ind|Number=Sing|Person=1|Tense=Pres|VerbForm=Fin|Voice=Act;_;_;_;@nat1989f-word#@nat1989f#2018.083#2018.318
869;ну;ну;PART;_;_;_;_;_;@nat1989f-word#@nat1989f#2018.318#2018.553
870;/;/;PUNCT;_;_;_;_;_;@nat1989f-word#@nat1989f#2018.553#2018.788
871;она;она;PRON;_;Case=Nom|Gender=Fem|Number=Sing|Person=3;_;_;_;@nat1989f-word#@nat1989f#2018.788#2019.023
872;как;как;ADV;_;Degree=Pos;_;_;_;@nat1989f-word#@nat1989f#2019.023#2019.258
873;бы;бы;PART;_;_;_;_;_;@nat1989f-word#@nat1989f#2019.258#2019.493
874;в;в;ADP;_;_;_;_;_;@nat1989f-word#@nat1989f#2019.493#2019.728
875;курсе;курс;NOUN;_;Animacy=Inan|Case=Loc|Gender=Masc|Number=Sing;_;_;_;@nat1989f-word#@nat1989f#2019.728#2019.963
876;вообще;вообще;ADV;_;Degree=Pos;_;_;_;@nat1989f-word#@nat1989f#2019.963#2020.198
877;всех;весь;DET;_;Case=Gen|Number=Plur;_;_;_;@nat1989f-word#@nat1989f#2020.198#2020.433
878;акций;акция;NOUN;_;Animacy=Inan|Case=Gen|Gender=Fem|Number=Plur;_;_;_;@nat1989f-word#@nat1989f#2020.433#2020.668
879;но;но;CCONJ;_;_;_;_;_;@nat1989f-word#@nat1989f#2020.668#2020.903
880;она;она;PRON;_;Case=Nom|Gender=Fem|Number=Sing|Person=3;_;_;_;@nat1989f-word#@nat1989f#2020.903#2021.138
881;такая;такой;DET;_;Case=Nom|Gender=Fem|Number=Sing;_;_;_;@nat1989f-word#@nat1989f#2021.138#2021.373
882;/;/;PUNCT;_;_;_;_;_;@nat1989f-word#@nat1989f#2021.373#2021.608
883;уауа;уауа;INTJ;_;_;_;_;_;@nat1989f-word#@nat1989f#2021.608#2021.843
884;/;/;PUNCT;_;_;_;_;_;@nat1989f-word#@nat1989f#2021.843#2022.078
885;мне;я;PRON;_;Case=Dat|Number=Sing|Person=1;_;_;_;@nat1989f-word#@nat1989f#2022.078#2022.313
886;говорит;говорить;VERB;_;Aspect=Imp|Mood=Ind|Number=Sing|Person=3|Tense=Pres|VerbForm=Fin|Voice=Act;_;_;_;@nat1989f-word#@nat1989f#2022.313#2022.548
887;постоянно;постоянно;ADV;_;Degree=Pos;_;_;_;@nat1989f-word#@nat1989f#2022.548#2022.783
888;типа;тип;NOUN;_;Animacy=Inan|Case=Gen|Gender=Masc|Number=Sing;_;_;_;@nat1989f-word#@nat1989f#2022.783#2023.018
889;вот;вот;PART;_;_;_;_;_;@nat1989f-word#@nat1989f#2023.018#2023.253
890;мы;мы;PRON;_;Case=Nom|Number=Plur|Person=1;_;_;_;@nat1989f-word#@nat1989f#2023.253#2023.488
891;угораем;угорать;VERB;_;Aspect=Imp|Mood=Ind|Number=Plur|Person=1|Tense=Pres|VerbForm=Fin|Voice=Act;_;_;_;@nat1989f-word#@nat1989f#2023.488#2023.723
892;там;там;ADV;_;Degree=Pos;_;_;_;@nat1989f-word#@nat1989f#2023.723#2023.958
893;в;в;ADP;_;_;_;_;_;@nat1989f-word#@nat1989f#2023.958#2024.193
894;школе;школа;NOUN;_;Animacy=Inan|Case=Loc|Gender=Fem|Number=Sing;_;_;_;@nat1989f-word#@nat1989f#2024.193#2024.454
895;над;над;ADP;_;_;_;_;_;@nat1989f-word#@nat1989f#2025.0#2025.367
896;эээ;эээ;INTJ;_;_;_;_;_;@nat1989f-word#@nat1989f#2025.367#2025.734
897;вами;вы;PRON;_;Case=Ins|Number=Plur|Person=2;_;_;_;@nat1989f-word#@nat1989f#2025.734#2026.101
898;/;/;PUNCT;_;_;_;_;_;@nat1989f-word#@nat1989f#2026.101#2026.468
899;но;но;CCONJ;_;_;_;_;_;@nat1989f-word#@nat1989f#2026.468#2026.835
900;слушай;слушать;VERB;_;Aspect=Perf|Mood=Imp|Number=Sing|Person=2|VerbForm=Fin|Voice=Act;_;_;_;@nat1989f-word#@nat1989f#2026.835#2027.204
901;я;я;PRON;_;Case=Nom|Number=Sing|Person=1;_;_;_;@nat1989f-word#@nat1989f#2027.818#2028.151
902;думаю;думать;VERB;_;Aspect=Imp|Mood=Ind|Number=Sing|Person=1|Tense=Pres|VerbForm=Fin|Voice=Act;_;_;_;@nat1989f-word#@nat1989f#2028.151#2028.484
903;что;что;SCONJ;_;_;_;_;_;@nat1989f-word#@nat1989f#2028.484#2028.817
904;для;для;ADP;_;_;_;_;_;@nat1989f-word#@nat1989f#2028.817#2029.15
905;детей;ребенок;NOUN;_;Animacy=Anim|Case=Gen|Gender=Masc|Number=Plur;_;_;_;@nat1989f-word#@nat1989f#2029.15#2029.483
906;это;это;PRON;_;Animacy=Inan|Case=Nom|Gender=Neut|Number=Sing;_;_;_;@nat1989f-word#@nat1989f#2029.483#2029.816
907;прикольно;прикольно;ADV;_;Degree=Pos;_;_;_;@nat1989f-word#@nat1989f#2029.816#2030.149
908;/;/;PUNCT;_;_;_;_;_;@nat1989f-word#@nat1989f#2030.149#2030.482
909;ну;ну;PART;_;_;_;_;_;@nat1989f-word#@nat1989f#2030.482#2030.818
910;это;это;PRON;_;Animacy=Inan|Case=Nom|Gender=Neut|Number=Sing;_;_;_;@nat1989f-word#@nat1989f#2031.045#2031.342
911;прикольно;прикольно;ADV;_;Degree=Pos;_;_;_;@nat1989f-word#@nat1989f#2031.342#2031.639
912;да;да;PART;_;_;_;_;_;@nat1989f-word#@nat1989f#2031.639#2031.936
913;если;если;SCONJ;_;_;_;_;_;@nat1989f-word#@nat1989f#2031.936#2032.233
914;если;если;SCONJ;_;_;_;_;_;@nat1989f-word#@nat1989f#2032.233#2032.53
915;у;у;ADP;_;_;_;_;_;@nat1989f-word#@nat1989f#2032.53#2032.827
916;кого-то;кто-то;PRON;_;Case=Gen;_;_;_;@nat1989f-word#@nat1989f#2032.827#2033.124
917;безумные;безумный;ADJ;_;Case=Nom|Degree=Pos|Number=Plur;_;_;_;@nat1989f-word#@nat1989f#2033.124#2033.421
918;совершенно;совершенно;ADV;_;Degree=Pos;_;_;_;@nat1989f-word#@nat1989f#2033.421#2033.718
919;родители;родитель;NOUN;_;Animacy=Anim|Case=Nom|Gender=Masc|Number=Plur;_;_;_;@nat1989f-word#@nat1989f#2033.718#2034.022
920;то;то;SCONJ;_;_;_;_;_;@nat1989f-word#@nat1989f#2034.25#2034.513
921;это;это;PRON;_;Animacy=Inan|Case=Nom|Gender=Neut|Number=Sing;_;_;_;@nat1989f-word#@nat1989f#2034.513#2034.776
922;скорее;скорее;ADV;_;Degree=Pos;_;_;_;@nat1989f-word#@nat1989f#2034.776#2035.039
923;повод;повод;NOUN;_;Animacy=Inan|Case=Nom|Gender=Masc|Number=Sing;_;_;_;@nat1989f-word#@nat1989f#2035.039#2035.302
924;/;/;PUNCT;_;_;_;_;_;@nat1989f-word#@nat1989f#2035.302#2035.565
925;эээ;эээ;INTJ;_;_;_;_;_;@nat1989f-word#@nat1989f#2035.565#2035.828
926;дл...;для;ADP;_;_;_;_;_;@nat1989f-word#@nat1989f#2035.828#2036.091
927;для;для;ADP;_;_;_;_;_;@nat1989f-word#@nat1989f#2036.091#2036.354
928;респекта;респект;NOUN;_;Animacy=Inan|Case=Gen|Gender=Masc|Number=Sing;_;_;_;@nat1989f-word#@nat1989f#2036.354#2036.617
929;чем;что;SCONJ;_;_;_;_;_;@nat1989f-word#@nat1989f#2036.617#2036.88
930;/;/;PUNCT;_;_;_;_;_;@nat1989f-word#@nat1989f#2036.88#2037.143
931;наоборот;наоборот;ADV;_;Degree=Pos;_;_;_;@nat1989f-word#@nat1989f#2037.143#2037.409
932;угу;уга;NOUN;_;Animacy=Anim|Case=Dat|Gender=Masc|Number=Sing;_;_;_;@nat1989f-word#@nat1989f#2043.248#2043.886
933;#смех#;#смех#;X;_;_;_;_;_;@nat1989f-word#@nat1989f#2054.963#2055.611
934;почему;почему;ADV;_;Degree=Pos;_;_;_;@nat1989f-word#@nat1989f#2055.611#2056.259
935;?;?;PUNCT;_;_;_;_;_;@nat1989f-word#@nat1989f#2056.259#2056.907
936;ммм;мм;INTJ;_;_;_;_;_;@nat1989f-word#@nat1989f#2067.851#2068.574
937;ну;ну;PART;_;_;_;_;_;@nat1989f-word#@nat1989f#2068.914#2069.274
938;расскажи;рассказать;VERB;_;Aspect=Perf|Mood=Imp|Number=Sing|Person=2|VerbForm=Fin|Voice=Act;_;_;_;@nat1989f-word#@nat1989f#2069.274#2069.634
939;расскажи;рассказать;VERB;_;Aspect=Perf|Mood=Imp|Number=Sing|Person=2|VerbForm=Fin|Voice=Act;_;_;_;@nat1989f-word#@nat1989f#2069.634#2069.994
940;свою;свой;DET;_;Case=Acc|Gender=Fem|Number=Sing;_;_;_;@nat1989f-word#@nat1989f#2069.994#2070.354
941;интерпретацию;интерпретация;NOUN;_;Animacy=Inan|Case=Acc|Gender=Fem|Number=Sing;_;_;_;@nat1989f-word#@nat1989f#2070.354#2070.714
942;акции;акция;NOUN;_;Animacy=Inan|Case=Gen|Gender=Fem|Number=Sing;_;_;_;@nat1989f-word#@nat1989f#2070.714#2071.074
943;ммм;мм;INTJ;_;_;_;_;_;@nat1989f-word#@nat1989f#2081.292#2081.902
944;девятый;девятый;ADJ;_;Case=Nom|Degree=Pos|Gender=Masc|Number=Sing;_;_;_;@nat1989f-word#@nat1989f#2096.536#2096.704
945;/;/;PUNCT;_;_;_;_;_;@nat1989f-word#@nat1989f#2096.704#2096.872
946;да;да;INTJ;_;_;_;_;_;@nat1989f-word#@nat1989f#2096.872#2097.04
947;/;/;PUNCT;_;_;_;_;_;@nat1989f-word#@nat1989f#2097.04#2097.208
948;угу;угу;INTJ;_;_;_;_;_;@nat1989f-word#@nat1989f#2097.208#2097.378
949;угу;угу;INTJ;_;_;_;_;_;@nat1989f-word#@nat1989f#2101.536#2102.048
950;угу;угу;INTJ;_;_;_;_;_;@nat1989f-word#@nat1989f#2102.743#2103.207
951;в;в;ADP;_;_;_;_;_;@nat1989f-word#@nat1989f#2105.548#2105.846
952;смысле;смысл;NOUN;_;Animacy=Inan|Case=Loc|Gender=Masc|Number=Sing;_;_;_;@nat1989f-word#@nat1989f#2105.846#2106.144
953;тебя;ты;PRON;_;Case=Acc|Number=Sing|Person=2;_;_;_;@nat1989f-word#@nat1989f#2106.144#2106.442
954;смущает;смущать;VERB;_;Aspect=Imp|Mood=Ind|Number=Sing|Person=3|Tense=Pres|VerbForm=Fin|Voice=Act;_;_;_;@nat1989f-word#@nat1989f#2106.442#2106.743
955;да;да;INTJ;_;_;_;_;_;@nat1989f-word#@nat1989f#2108.5#2108.939
956;да;да;PART;_;_;_;_;_;@nat1989f-word#@nat1989f#2111.865#2112.122
957;видимо;видимо;ADV;_;Degree=Pos;_;_;_;@nat1989f-word#@nat1989f#2112.122#2112.379
958;что;что;SCONJ;_;_;_;_;_;@nat1989f-word#@nat1989f#2112.379#2112.636
959;тебя;ты;PRON;_;Case=Acc|Number=Sing|Person=2;_;_;_;@nat1989f-word#@nat1989f#2112.636#2112.893
960;смущает;смущать;VERB;_;Aspect=Imp|Mood=Ind|Number=Sing|Person=3|Tense=Pres|VerbForm=Fin|Voice=Act;_;_;_;@nat1989f-word#@nat1989f#2112.893#2113.15
961;акт;акт;NOUN;_;Animacy=Inan|Case=Nom|Gender=Masc|Number=Sing;_;_;_;@nat1989f-word#@nat1989f#2113.15#2113.407
962;пенетрации;пенетрация;NOUN;_;Animacy=Inan|Case=Gen|Gender=Fem|Number=Sing;_;_;_;@nat1989f-word#@nat1989f#2113.407#2113.664
963;или;или;CCONJ;_;_;_;_;_;@nat1989f-word#@nat1989f#2113.664#2113.921
964;что;что;PRON;_;Case=Acc;_;_;_;@nat1989f-word#@nat1989f#2113.921#2114.178
965;?;?;PUNCT;_;_;_;_;_;@nat1989f-word#@nat1989f#2114.178#2114.439
966;ну;ну;PART;_;_;_;_;_;@nat1989f-word#@nat1989f#2124.158#2124.392
967;потом;потом;ADV;_;Degree=Pos;_;_;_;@nat1989f-word#@nat1989f#2124.392#2124.626
968;мы;мы;PRON;_;Case=Nom|Number=Plur|Person=1;_;_;_;@nat1989f-word#@nat1989f#2124.626#2124.86
969;с;с;ADP;_;_;_;_;_;@nat1989f-word#@nat1989f#2124.86#2125.094
970;ней;она;PRON;_;Case=Ins|Gender=Fem|Number=Sing|Person=3;_;_;_;@nat1989f-word#@nat1989f#2125.094#2125.328
971;ходили;ходить;VERB;_;Aspect=Imp|Mood=Ind|Number=Plur|Tense=Past|VerbForm=Fin|Voice=Act;_;_;_;@nat1989f-word#@nat1989f#2125.328#2125.562
972;на;на;ADP;_;_;_;_;_;@nat1989f-word#@nat1989f#2125.562#2125.796
973;какие-то;какой-то;DET;_;Case=Acc|Number=Plur;_;_;_;@nat1989f-word#@nat1989f#2125.796#2126.03
974;акции;акция;NOUN;_;Animacy=Inan|Case=Acc|Gender=Fem|Number=Plur;_;_;_;@nat1989f-word#@nat1989f#2126.03#2126.264
975;там;там;ADV;_;Degree=Pos;_;_;_;@nat1989f-word#@nat1989f#2126.264#2126.498
976;/;/;PUNCT;_;_;_;_;_;@nat1989f-word#@nat1989f#2126.498#2126.732
977;эм;эм;INTJ;_;_;_;_;_;@nat1989f-word#@nat1989f#2126.732#2126.966
978;против;против;ADP;_;_;_;_;_;@nat1989f-word#@nat1989f#2126.966#2127.207
979;ментовского;ментовской;ADJ;_;Case=Gen|Degree=Pos|Gender=Neut|Number=Sing;_;_;_;@nat1989f-word#@nat1989f#2127.439#2127.577
980;насилия;насилие;NOUN;_;Animacy=Inan|Case=Gen|Gender=Neut|Number=Sing;_;_;_;@nat1989f-word#@nat1989f#2127.577#2127.715
981;например;например;ADV;_;Degree=Pos;_;_;_;@nat1989f-word#@nat1989f#2127.715#2127.853
982;она;она;PRON;_;Case=Nom|Gender=Fem|Number=Sing|Person=3;_;_;_;@nat1989f-word#@nat1989f#2127.853#2127.991
983;тоже;тоже;PART;_;_;_;_;_;@nat1989f-word#@nat1989f#2127.991#2128.129
984;не;не;PART;_;_;_;_;_;@nat1989f-word#@nat1989f#2128.129#2128.267
985;очень;очень;ADV;_;Degree=Pos;_;_;_;@nat1989f-word#@nat1989f#2128.267#2128.405
986;могла;мочь;VERB;_;Aspect=Imp|Gender=Fem|Mood=Ind|Number=Sing|Tense=Past|VerbForm=Fin|Voice=Act;_;_;_;@nat1989f-word#@nat1989f#2128.405#2128.543
987;тогда;тогда;ADV;_;Degree=Pos;_;_;_;@nat1989f-word#@nat1989f#2128.543#2128.681
988;решать;решать;VERB;_;Aspect=Imp|VerbForm=Inf|Voice=Act;_;_;_;@nat1989f-word#@nat1989f#2128.681#2128.819
989;/;/;PUNCT;_;_;_;_;_;@nat1989f-word#@nat1989f#2128.819#2128.957
990;но;но;CCONJ;_;_;_;_;_;@nat1989f-word#@nat1989f#2128.957#2129.095
991;это;это;PRON;_;Animacy=Inan|Case=Nom|Gender=Neut|Number=Sing;_;_;_;@nat1989f-word#@nat1989f#2129.095#2129.233
992;просто;просто;ADJ;_;Degree=Pos|Gender=Neut|Number=Sing|Variant=Short;_;_;_;@nat1989f-word#@nat1989f#2129.233#2129.371
993;/;/;PUNCT;_;_;_;_;_;@nat1989f-word#@nat1989f#2129.371#2129.509
994;как;как;ADV;_;Degree=Pos;_;_;_;@nat1989f-word#@nat1989f#2129.509#2129.647
995;бы;бы;PART;_;_;_;_;_;@nat1989f-word#@nat1989f#2129.647#2129.785
996;часть;часть;NOUN;_;Animacy=Inan|Case=Nom|Gender=Fem|Number=Sing;_;_;_;@nat1989f-word#@nat1989f#2129.785#2129.923
997;/;/;PUNCT;_;_;_;_;_;@nat1989f-word#@nat1989f#2129.923#2130.061
998;многие;много;NUM;_;_;_;_;_;@nat1989f-word#@nat1989f#2130.061#2130.199
999;же;же;PART;_;_;_;_;_;@nat1989f-word#@nat1989f#2130.199#2130.353
1000;ну;ну;PART;_;_;_;_;_;@nat1989f-word#@nat1989f#2130.818#2131.064
1001;это;это;PRON;_;Animacy=Inan|Case=Nom|Gender=Neut|Number=Sing;_;_;_;@nat1989f-word#@nat1989f#2131.064#2131.31
1002;просто;просто;ADJ;_;Degree=Pos|Gender=Neut|Number=Sing|Variant=Short;_;_;_;@nat1989f-word#@nat1989f#2131.31#2131.556
1003;/;/;PUNCT;_;_;_;_;_;@nat1989f-word#@nat1989f#2131.556#2131.802
1004;как;как;ADV;_;Degree=Pos;_;_;_;@nat1989f-word#@nat1989f#2131.802#2132.048
1005;бы;бы;PART;_;_;_;_;_;@nat1989f-word#@nat1989f#2132.048#2132.294
1006;часть;часть;NOUN;_;Animacy=Inan|Case=Nom|Gender=Fem|Number=Sing;_;_;_;@nat1989f-word#@nat1989f#2132.294#2132.545
1007;многие;много;NUM;_;_;_;_;_;@nat1989f-word#@nat1989f#2132.787#2133.272
1008;же;же;PART;_;_;_;_;_;@nat1989f-word#@nat1989f#2133.272#2133.757
1009;многие;много;NUM;_;_;_;_;_;@nat1989f-word#@nat1989f#2134.484#2134.787
1010;же;же;PART;_;_;_;_;_;@nat1989f-word#@nat1989f#2134.787#2135.09
1011;вс...;вс...;X;_;_;_;_;_;@nat1989f-word#@nat1989f#2135.09#2135.394
1012;но;но;CCONJ;_;_;_;_;_;@nat1989f-word#@nat1989f#2138.333#2138.577
1013;я;я;PRON;_;Case=Nom|Number=Sing|Person=1;_;_;_;@nat1989f-word#@nat1989f#2138.577#2138.821
1014;просто;просто;PART;_;_;_;_;_;@nat1989f-word#@nat1989f#2138.821#2139.065
1015;не;не;PART;_;_;_;_;_;@nat1989f-word#@nat1989f#2139.065#2139.309
1016;считаю;считать;VERB;_;Aspect=Imp|Mood=Ind|Number=Sing|Person=1|Tense=Pres|VerbForm=Fin|Voice=Act;_;_;_;@nat1989f-word#@nat1989f#2139.309#2139.553
1017;/;/;PUNCT;_;_;_;_;_;@nat1989f-word#@nat1989f#2139.553#2139.797
1018;что;что;SCONJ;_;_;_;_;_;@nat1989f-word#@nat1989f#2139.797#2140.041
1019;это;это;PRON;_;Animacy=Inan|Case=Nom|Gender=Neut|Number=Sing;_;_;_;@nat1989f-word#@nat1989f#2140.041#2140.285
1020;/;/;PUNCT;_;_;_;_;_;@nat1989f-word#@nat1989f#2140.285#2140.529
1021;там;там;ADV;_;Degree=Pos;_;_;_;@nat1989f-word#@nat1989f#2140.529#2140.773
1022;/;/;PUNCT;_;_;_;_;_;@nat1989f-word#@nat1989f#2140.773#2141.017
1023;дурная;дурной;ADJ;_;Case=Nom|Degree=Pos|Gender=Fem|Number=Sing;_;_;_;@nat1989f-word#@nat1989f#2141.017#2141.261
1024;акция;акция;NOUN;_;Animacy=Inan|Case=Nom|Gender=Fem|Number=Sing;_;_;_;@nat1989f-word#@nat1989f#2141.261#2141.505
1025;или;или;CCONJ;_;_;_;_;_;@nat1989f-word#@nat1989f#2141.505#2141.749
1026;аморальная;аморальный;ADJ;_;Case=Nom|Degree=Pos|Gender=Fem|Number=Sing;_;_;_;@nat1989f-word#@nat1989f#2141.749#2141.993
1027;акция;акция;NOUN;_;Animacy=Inan|Case=Nom|Gender=Fem|Number=Sing;_;_;_;@nat1989f-word#@nat1989f#2141.993#2142.242
1028;у;у;ADP;_;_;_;_;_;@nat1989f-word#@nat1989f#2142.454#2142.757
1029;ммм;мм;INTJ;_;_;_;_;_;@nat1989f-word#@nat1989f#2142.757#2143.06
1030;большинство;большинство;NOUN;_;Animacy=Inan|Case=Gen|Gender=Masc|Number=Sing;_;_;_;@nat1989f-word#@nat1989f#2143.06#2143.363
1031;родителей;родитель;NOUN;_;Animacy=Anim|Case=Gen|Gender=Masc|Number=Plur;_;_;_;@nat1989f-word#@nat1989f#2143.363#2143.666
1032;втягивают;втягивать;VERB;_;Aspect=Imp|Mood=Ind|Number=Plur|Person=3|Tense=Pres|VerbForm=Fin|Voice=Act;_;_;_;@nat1989f-word#@nat1989f#2143.666#2143.969
1033;детей;ребенок;NOUN;_;Animacy=Anim|Case=Acc|Gender=Masc|Number=Plur;_;_;_;@nat1989f-word#@nat1989f#2143.969#2144.272
1034;в;в;ADP;_;_;_;_;_;@nat1989f-word#@nat1989f#2144.272#2144.575
1035;то;то;PRON;_;Animacy=Inan|Case=Acc|Gender=Neut|Number=Sing;_;_;_;@nat1989f-word#@nat1989f#2144.575#2144.878
1036;/;/;PUNCT;_;_;_;_;_;@nat1989f-word#@nat1989f#2144.878#2145.181
1037;чем;что;PRON;_;Case=Ins;_;_;_;@nat1989f-word#@nat1989f#2145.181#2145.484
1038;они;они;PRON;_;Case=Nom|Number=Plur|Person=3;_;_;_;@nat1989f-word#@nat1989f#2145.484#2145.787
1039;занимаются;заниматься;VERB;_;Aspect=Imp|Mood=Ind|Number=Plur|Person=3|Tense=Pres|VerbForm=Fin|Voice=Mid;_;_;_;@nat1989f-word#@nat1989f#2145.787#2146.09
1040;/;/;PUNCT;_;_;_;_;_;@nat1989f-word#@nat1989f#2146.09#2146.393
1041;так;так;ADV;_;Degree=Pos;_;_;_;@nat1989f-word#@nat1989f#2146.393#2146.696
1042;или;или;CCONJ;_;_;_;_;_;@nat1989f-word#@nat1989f#2146.696#2146.999
1043;иначе;иначе;ADV;_;Degree=Pos;_;_;_;@nat1989f-word#@nat1989f#2146.999#2147
